event_id,timestamp,event_type,level_id,stage_id,session_id,user_id,config_id,payload,data_quality_flags
d882f32e-ce77-4ac2-b903-15a7a880f82e,1774139786.25819,session_start,0,0,0 but a string,1 but a string,baseline,"{'session_id': '0 but a string', 'config_id': 'balanced', 'difficulty_label': 'balanced'}",[]
e16cf3fa-32d4-4d70-b3bd-ead8f78c52ee,1774139786.2618947,level_start,0,0,0 but a string,1 but a string,baseline,"{'session_id': '0 but a string', 'grid_size': '5x6'}",[]
22493dd5-a46d-4c6d-9dcc-0fd92a449661,1774139786.2660136,stage_start,0,0,0 but a string,1 but a string,baseline,"{'session_id': '0 but a string', 'enemy_count': 1, 'grid_size': '5x6'}",[]
0d875a75-49ea-47d5-9338-47f1970f9702,1774139786.2699084,turn_start,0,0,0 but a string,1 but a string,baseline,"{'session_id': '0 but a string', 'turn_number': 1, 'active_side': 'player'}",[]
51ad0d23-9bca-4c89-9709-40f5cfddfb84,1774139787.7689943,character_attack,0,0,0 but a string,1 but a string,baseline,"{'session_id': '0 but a string', 'attacker_id': 'bomber', 'target_id': 'en0.0', 'damage': 3, 'attack_range': 5}",[]
542bdfa6-2abd-45b0-9527-0962e7b28b93,1774139787.773014,character_heal,0,0,0 but a string,1 but a string,baseline,"{'healer_id': 'medic', 'target_id': 'brawler', 'heal_amount': 1, 'healing_range': 3}",[]
11a8d379-ab04-48ae-87af-16b6b9f32d7d,1774139787.7765596,character_heal,0,0,0 but a string,1 but a string,baseline,"{'healer_id': 'medic', 'target_id': 'bomber', 'heal_amount': 1, 'healing_range': 3}",[]
79229ffa-9ee1-4104-817e-3730902469b0,1774139788.3024862,turn_end,0,0,0 but a string,1 but a string,baseline,"{'session_id': '0 but a string', 'turn_number': 1, 'active_side': 'player'}",[]
61ef4508-3958-4e5a-b22e-b1d5600a53d4,1774139788.3058965,turn_start,0,0,0 but a string,1 but a string,baseline,"{'session_id': '0 but a string', 'turn_number': 1, 'active_side': 'enemy'}",[]
8faf3bb1-45da-4c3f-a89c-0d3cbc74f7b2,1774139789.7126834,enemy_attack,0,0,0 but a string,1 but a string,baseline,"{'session_id': '0 but a string', 'enemy_id': 'en0.0', 'target_id': 'brawler', 'damage': 4}",[]
e23a8e89-fddd-4ad8-aa68-a45930656e07,1774139790.2567298,turn_end,0,0,0 but a string,1 but a string,baseline,"{'session_id': '0 but a string', 'turn_number': 1, 'active_side': 'enemy'}",[]
e211c694-bbc6-416c-b66c-c6441bbdbf0e,1774139790.2609034,turn_start,0,0,0 but a string,1 but a string,baseline,"{'session_id': '0 but a string', 'turn_number': 2, 'active_side': 'player'}",[]
e9933555-4ced-4643-824d-8d078dff0d83,1774139790.525945,character_attack,0,0,0 but a string,1 but a string,baseline,"{'session_id': '0 but a string', 'attacker_id': 'brawler', 'target_id': 'en0.0', 'damage': 5, 'attack_range': 1}",[]
3afc19bb-71d1-4b09-bbdc-15223de57813,1774139790.5299404,character_attack,0,0,0 but a string,1 but a string,baseline,"{'session_id': '0 but a string', 'attacker_id': 'bomber', 'target_id': 'en0.0', 'damage': 3, 'attack_range': 5}",[]
9fcc6bdd-e66d-490a-8017-0c776bd55436,1774139790.5331056,character_heal,0,0,0 but a string,1 but a string,baseline,"{'healer_id': 'medic', 'target_id': 'brawler', 'heal_amount': 1, 'healing_range': 3}",[]
963736fc-8b28-4f4c-a2d6-dcede07580c0,1774139790.536153,character_heal,0,0,0 but a string,1 but a string,baseline,"{'healer_id': 'medic', 'target_id': 'bomber', 'heal_amount': 1, 'healing_range': 3}",[]
c4f0cb6b-c5aa-4b7c-a3f5-05283586a31f,1774139791.066863,turn_end,0,0,0 but a string,1 but a string,baseline,"{'session_id': '0 but a string', 'turn_number': 2, 'active_side': 'player'}",[]
56eb2fb8-905d-4c9a-8d9f-c08f2fd3be68,1774139791.0712862,turn_start,0,0,0 but a string,1 but a string,baseline,"{'session_id': '0 but a string', 'turn_number': 2, 'active_side': 'enemy'}",[]
bc172748-3c2e-4e08-aa98-3b7c1e5a4df5,1774139791.0745094,stage_complete,0,0,0 but a string,1 but a string,baseline,"{'session_id': '0 but a string', 'turns_taken': 2, 'characters_alive': 3, 'total_damage_taken': 0}",[]
26fc2379-d5c4-49ae-9202-466648dcf2ab,1774139791.0785604,stage_start,0,1,0 but a string,1 but a string,baseline,"{'session_id': '0 but a string', 'enemy_count': 1, 'grid_size': '5x6'}",[]
1bff9b8c-e15d-4762-8a7f-47c586dec20c,1774139791.6036205,character_attack,0,1,0 but a string,1 but a string,baseline,"{'session_id': '0 but a string', 'attacker_id': 'bomber', 'target_id': 'en1.0', 'damage': 3, 'attack_range': 5}",[]
8444d0a1-4d5e-428f-b572-b22042a392fe,1774139791.6078598,character_heal,0,1,0 but a string,1 but a string,baseline,"{'healer_id': 'medic', 'target_id': 'brawler', 'heal_amount': 1, 'healing_range': 3}",[]
c1c6f0f5-3b8d-4714-ad0d-6e7870ce8322,1774139791.6112528,character_heal,0,1,0 but a string,1 but a string,baseline,"{'healer_id': 'medic', 'target_id': 'bomber', 'heal_amount': 1, 'healing_range': 3}",[]
83339c0b-1f3d-4bd0-8841-c05a3e44d8c3,1774139792.1411588,turn_end,0,1,0 but a string,1 but a string,baseline,"{'session_id': '0 but a string', 'turn_number': 1, 'active_side': 'player'}",[]
5210a8e2-206d-4291-8e16-909a82b25157,1774139792.1454985,turn_start,0,1,0 but a string,1 but a string,baseline,"{'session_id': '0 but a string', 'turn_number': 1, 'active_side': 'enemy'}",[]
8a5844a6-c04c-4233-b6c1-296fea83ac0d,1774139792.4789243,enemy_attack,0,1,0 but a string,1 but a string,baseline,"{'session_id': '0 but a string', 'enemy_id': 'en1.0', 'target_id': 'brawler', 'damage': 2}",[]
5f7372a5-404b-4c85-88e7-046f954c47a6,1774139792.483488,enemy_attack,0,1,0 but a string,1 but a string,baseline,"{'session_id': '0 but a string', 'enemy_id': 'en1.0', 'target_id': 'bomber', 'damage': 2}",[]
71357f51-51d0-4c7d-94b2-a20fc8ba22af,1774139792.4868045,enemy_attack,0,1,0 but a string,1 but a string,baseline,"{'session_id': '0 but a string', 'enemy_id': 'en1.0', 'target_id': 'medic', 'damage': 2}",[]
6967d80d-4e34-48bd-bcc9-3e22a28f633e,1774139793.0819628,turn_end,0,1,0 but a string,1 but a string,baseline,"{'session_id': '0 but a string', 'turn_number': 1, 'active_side': 'enemy'}",[]
5da2cb8a-535c-4aab-abef-4a511a85a1b7,1774139793.0864623,turn_start,0,1,0 but a string,1 but a string,baseline,"{'session_id': '0 but a string', 'turn_number': 2, 'active_side': 'player'}",[]
bb26f5e4-b2ac-4cf8-bde4-f026c4d62823,1774139793.4857454,character_attack,0,1,0 but a string,1 but a string,baseline,"{'session_id': '0 but a string', 'attacker_id': 'bomber', 'target_id': 'en1.0', 'damage': 3, 'attack_range': 5}",[]
d6c5c42c-54e6-4281-a564-eac9eba1475f,1774139793.490234,character_heal,0,1,0 but a string,1 but a string,baseline,"{'healer_id': 'medic', 'target_id': 'brawler', 'heal_amount': 1, 'healing_range': 3}",[]
41a05182-5fe6-4c8c-9dbd-5f812ad80be0,1774139793.493727,character_heal,0,1,0 but a string,1 but a string,baseline,"{'healer_id': 'medic', 'target_id': 'bomber', 'heal_amount': 1, 'healing_range': 3}",[]
1f2cfa6a-8a96-4b93-bf8a-56170f1534ef,1774139794.0226498,turn_end,0,1,0 but a string,1 but a string,baseline,"{'session_id': '0 but a string', 'turn_number': 2, 'active_side': 'player'}",[]
cf126731-41a4-432f-8d3f-87fb712414c0,1774139794.0272036,turn_start,0,1,0 but a string,1 but a string,baseline,"{'session_id': '0 but a string', 'turn_number': 2, 'active_side': 'enemy'}",[]
8fd06400-a3d3-49d6-ab7b-67dc85118cba,1774139794.0306022,stage_complete,0,1,0 but a string,1 but a string,baseline,"{'session_id': '0 but a string', 'turns_taken': 2, 'characters_alive': 3, 'total_damage_taken': 0}",[]
f2867b3f-b6f8-4a09-9242-8a74e224b7b7,1774139794.0348325,stage_start,0,2,0 but a string,1 but a string,baseline,"{'session_id': '0 but a string', 'enemy_count': 1, 'grid_size': '5x6'}",[]
7244920c-148b-45d7-a1bc-093f464f01ff,1774139794.5625937,character_attack,0,2,0 but a string,1 but a string,baseline,"{'session_id': '0 but a string', 'attacker_id': 'bomber', 'target_id': 'en2.0', 'damage': 3, 'attack_range': 5}",[]
3df9efbe-8133-4e3c-ac27-b67188a7931b,1774139794.5673585,character_heal,0,2,0 but a string,1 but a string,baseline,"{'healer_id': 'medic', 'target_id': 'brawler', 'heal_amount': 1, 'healing_range': 3}",[]
bd252ad9-076b-4c30-9143-7bac0ab9fc45,1774139794.5708358,character_heal,0,2,0 but a string,1 but a string,baseline,"{'healer_id': 'medic', 'target_id': 'bomber', 'heal_amount': 1, 'healing_range': 3}",[]
4f993b91-aa2a-407d-a110-b2f0eb366a8e,1774139795.104729,turn_end,0,2,0 but a string,1 but a string,baseline,"{'session_id': '0 but a string', 'turn_number': 1, 'active_side': 'player'}",[]
9c40ba75-10f7-455e-a7ce-cef0c0d3b479,1774139795.1094322,turn_start,0,2,0 but a string,1 but a string,baseline,"{'session_id': '0 but a string', 'turn_number': 1, 'active_side': 'enemy'}",[]
4c04dab3-ffa6-4afe-99fb-c677fe44bd08,1774139795.113329,stage_complete,0,2,0 but a string,1 but a string,baseline,"{'session_id': '0 but a string', 'turns_taken': 1, 'characters_alive': 3, 'total_damage_taken': 0}",[]
5d66442f-38d5-4903-b1f5-4ede132a714b,1774139795.116941,level_complete,0,3,0 but a string,1 but a string,baseline,"{'session_id': '0 but a string', 'characters_alive': 3}",[]
db49970f-759b-42e9-b275-bac6664bb032,1774139795.1666083,session_start,0,0,0 but a string,1 but a string,baseline,"{'session_id': '0 but a string', 'config_id': 'balanced', 'difficulty_label': 'balanced'}",[]
430fd27a-b3f5-45c5-a92a-bfc36fe5ceaa,1774139795.1707985,level_start,0,0,0 but a string,1 but a string,baseline,"{'session_id': '0 but a string', 'grid_size': '9x11'}",[]
b7a2fb6b-ab0c-4b3d-81a0-57373ee7db10,1774139795.1747475,stage_start,0,0,0 but a string,1 but a string,baseline,"{'session_id': '0 but a string', 'enemy_count': 2, 'grid_size': '9x11'}",[]
093fe347-6047-427d-9fc7-9b3596bd7f2c,1774139795.1783824,turn_start,0,0,0 but a string,1 but a string,baseline,"{'session_id': '0 but a string', 'turn_number': 1, 'active_side': 'player'}",[]
9529a798-166c-4407-8a6a-e1ce856589d8,1774139796.4914162,character_heal,0,0,0 but a string,1 but a string,baseline,"{'healer_id': 'medic', 'target_id': 'brawler', 'heal_amount': 4, 'healing_range': 3}",[]
586b0b00-e50c-4943-93b9-b48c0ebacb43,1774139797.028126,turn_end,0,0,0 but a string,1 but a string,baseline,"{'session_id': '0 but a string', 'turn_number': 1, 'active_side': 'player'}",[]
2b0d7a11-b6be-430a-bc89-238d327a93a6,1774139797.0330977,turn_start,0,0,0 but a string,1 but a string,baseline,"{'session_id': '0 but a string', 'turn_number': 1, 'active_side': 'enemy'}",[]
8b92e357-81ee-40de-b4b9-5701975fcc24,1774139798.9813347,enemy_attack,0,0,0 but a string,1 but a string,baseline,"{'session_id': '0 but a string', 'enemy_id': 'en0.0', 'target_id': 'brawler', 'damage': 4}",[]
e4b1cbda-7ad6-4cfb-ad32-d26a7803007e,1774139798.9860682,enemy_attack,0,0,0 but a string,1 but a string,baseline,"{'session_id': '0 but a string', 'enemy_id': 'en2.0', 'target_id': 'brawler', 'damage': 1}",[]
7dfde9ad-c8f0-475e-9b5e-aa2a68342e20,1774139798.9900742,enemy_attack,0,0,0 but a string,1 but a string,baseline,"{'session_id': '0 but a string', 'enemy_id': 'en2.0', 'target_id': 'bomber', 'damage': 1}",[]
e1e05b6d-de7e-4089-92d4-16264a134c4b,1774139799.5151732,turn_end,0,0,0 but a string,1 but a string,baseline,"{'session_id': '0 but a string', 'turn_number': 1, 'active_side': 'enemy'}",[]
78e8f721-221f-4a85-8f81-0b017d7972eb,1774139799.5201426,turn_start,0,0,0 but a string,1 but a string,baseline,"{'session_id': '0 but a string', 'turn_number': 2, 'active_side': 'player'}",[]
8106de5e-8b76-467e-8ce3-6445bd69857d,1774139809.1144497,character_attack,0,0,0 but a string,1 but a string,baseline,"{'session_id': '0 but a string', 'attacker_id': 'bomber', 'target_id': 'en0.0', 'damage': 3, 'attack_range': 5}",[]
dbc7049f-4064-46da-a4af-6e541f8d88c1,1774139809.1194766,character_attack,0,0,0 but a string,1 but a string,baseline,"{'session_id': '0 but a string', 'attacker_id': 'bomber', 'target_id': 'en2.0', 'damage': 3, 'attack_range': 5}",[]
d8995354-d3f6-49d0-a4e8-9ce017e27ec4,1774139809.1241145,character_heal,0,0,0 but a string,1 but a string,baseline,"{'healer_id': 'medic', 'target_id': 'bomber', 'heal_amount': 4, 'healing_range': 3}",[]
086373a1-f552-47a1-a2f0-f6fe474a2043,1774139809.6520977,turn_end,0,0,0 but a string,1 but a string,baseline,"{'session_id': '0 but a string', 'turn_number': 2, 'active_side': 'player'}",[]
716716cf-60bf-478a-bfe3-dfae91c3f092,1774139809.6568964,turn_start,0,0,0 but a string,1 but a string,baseline,"{'session_id': '0 but a string', 'turn_number': 2, 'active_side': 'enemy'}",[]
77f8f6a3-981b-4d70-b749-ddd302f2b8e2,1774139809.990769,enemy_attack,0,0,0 but a string,1 but a string,baseline,"{'session_id': '0 but a string', 'enemy_id': 'en0.0', 'target_id': 'bomber', 'damage': 4}",[]
7c27b6c3-374d-4acf-be72-ddf3c981750e,1774139810.5274408,turn_end,0,0,0 but a string,1 but a string,baseline,"{'session_id': '0 but a string', 'turn_number': 2, 'active_side': 'enemy'}",[]
5406951e-51ad-4cdc-9974-613ca815bb23,1774139810.532545,turn_start,0,0,0 but a string,1 but a string,baseline,"{'session_id': '0 but a string', 'turn_number': 3, 'active_side': 'player'}",[]
3ed899d9-7fb8-4d9f-80c6-779bc14f2625,1774139811.8387606,character_attack,0,0,0 but a string,1 but a string,baseline,"{'session_id': '0 but a string', 'attacker_id': 'bomber', 'target_id': 'en0.0', 'damage': 3, 'attack_range': 5}",[]
a895892a-ecfe-4f28-bcc3-16a39bba4dc4,1774139811.8434145,character_heal,0,0,0 but a string,1 but a string,baseline,"{'healer_id': 'medic', 'target_id': 'bomber', 'heal_amount': 4, 'healing_range': 3}",[]
04a8648f-964f-4bb9-8ae3-7734eabb17f6,1774139812.3789983,turn_end,0,0,0 but a string,1 but a string,baseline,"{'session_id': '0 but a string', 'turn_number': 3, 'active_side': 'player'}",[]
2ad2a118-36cc-4f74-8323-94087450fb39,1774139812.3841746,turn_start,0,0,0 but a string,1 but a string,baseline,"{'session_id': '0 but a string', 'turn_number': 3, 'active_side': 'enemy'}",[]
e4327bea-960d-4c51-be3f-7c719298feb4,1774139812.446883,enemy_attack,0,0,0 but a string,1 but a string,baseline,"{'session_id': '0 but a string', 'enemy_id': 'en0.0', 'target_id': 'bomber', 'damage': 4}",[]
1182a9ae-3a75-4001-b76b-e465098035a4,1774139812.98811,turn_end,0,0,0 but a string,1 but a string,baseline,"{'session_id': '0 but a string', 'turn_number': 3, 'active_side': 'enemy'}",[]
ff2efae9-a4d4-4c6f-bec1-21ae20ecac4d,1774139812.9932046,turn_start,0,0,0 but a string,1 but a string,baseline,"{'session_id': '0 but a string', 'turn_number': 4, 'active_side': 'player'}",[]
0dea7ab1-599a-49f5-b4fe-9e6ca0bb075c,1774139816.3473763,character_attack,0,0,0 but a string,1 but a string,baseline,"{'session_id': '0 but a string', 'attacker_id': 'bomber', 'target_id': 'en0.0', 'damage': 3, 'attack_range': 5}",[]
d2e3f339-312e-4716-b0c4-46598c296a25,1774139816.3526826,character_heal,0,0,0 but a string,1 but a string,baseline,"{'healer_id': 'medic', 'target_id': 'brawler', 'heal_amount': 4, 'healing_range': 3}",[]
9220714d-c5d4-4a38-964b-2654a22b2305,1774139816.3567734,character_heal,0,0,0 but a string,1 but a string,baseline,"{'healer_id': 'medic', 'target_id': 'bomber', 'heal_amount': 4, 'healing_range': 3}",[]
13681fe1-62db-467f-93c6-9af238599ef6,1774139816.8852053,turn_end,0,0,0 but a string,1 but a string,baseline,"{'session_id': '0 but a string', 'turn_number': 4, 'active_side': 'player'}",[]
807ffcab-3169-4f4f-843c-85d500641f67,1774139816.8902524,turn_start,0,0,0 but a string,1 but a string,baseline,"{'session_id': '0 but a string', 'turn_number': 4, 'active_side': 'enemy'}",[]
33e15c0d-19a4-4c6a-9869-e9907d682c04,1774139816.8939495,stage_complete,0,0,0 but a string,1 but a string,baseline,"{'session_id': '0 but a string', 'turns_taken': 4, 'characters_alive': 3, 'total_damage_taken': 0}",[]
ddf22783-61e4-4c05-b999-8c9cc932e437,1774139816.8997166,stage_start,0,1,0 but a string,1 but a string,baseline,"{'session_id': '0 but a string', 'enemy_count': 2, 'grid_size': '9x11'}",[]
cea0ded6-f565-45fa-a345-67df795c7cb8,1774139826.4071186,character_attack,0,1,0 but a string,1 but a string,baseline,"{'session_id': '0 but a string', 'attacker_id': 'bomber', 'target_id': 'en2.0', 'damage': 3, 'attack_range': 5}",[]
119b5a19-47e1-4612-b970-fec239723651,1774139826.4122152,character_attack,0,1,0 but a string,1 but a string,baseline,"{'session_id': '0 but a string', 'attacker_id': 'bomber', 'target_id': 'en1.0', 'damage': 3, 'attack_range': 5}",[]
39428de7-e934-40ec-805f-8920fc267b2f,1774139826.4164395,character_heal,0,1,0 but a string,1 but a string,baseline,"{'healer_id': 'medic', 'target_id': 'brawler', 'heal_amount': 4, 'healing_range': 3}",[]
f156ae77-1511-444e-ad3a-3f2ee1408468,1774139826.420622,character_heal,0,1,0 but a string,1 but a string,baseline,"{'healer_id': 'medic', 'target_id': 'bomber', 'heal_amount': 4, 'healing_range': 3}",[]
80d91a80-0689-48f9-bf1e-c7565bd8be0f,1774139826.94427,turn_end,0,1,0 but a string,1 but a string,baseline,"{'session_id': '0 but a string', 'turn_number': 1, 'active_side': 'player'}",[]
32362cea-58d6-40fe-a505-1c923a84ebc5,1774139826.9496305,turn_start,0,1,0 but a string,1 but a string,baseline,"{'session_id': '0 but a string', 'turn_number': 1, 'active_side': 'enemy'}",[]
6b1fb26c-fe09-47d0-8cf4-ad942d339bc3,1774139827.2811654,enemy_attack,0,1,0 but a string,1 but a string,baseline,"{'session_id': '0 but a string', 'enemy_id': 'en1.0', 'target_id': 'brawler', 'damage': 2}",[]
d0166411-187c-447e-b94e-5a584fdb6845,1774139827.286542,enemy_attack,0,1,0 but a string,1 but a string,baseline,"{'session_id': '0 but a string', 'enemy_id': 'en1.0', 'target_id': 'bomber', 'damage': 2}",[]
3140fdf0-54ac-4562-891b-8adfae14b511,1774139827.2908444,enemy_attack,0,1,0 but a string,1 but a string,baseline,"{'session_id': '0 but a string', 'enemy_id': 'en1.0', 'target_id': 'medic', 'damage': 2}",[]
fa4af691-c08d-4cc1-b4b1-45ca5a256165,1774139827.8213363,turn_end,0,1,0 but a string,1 but a string,baseline,"{'session_id': '0 but a string', 'turn_number': 1, 'active_side': 'enemy'}",[]
601ad1f4-f4ad-4a08-a516-8e65b5c11869,1774139827.8268347,turn_start,0,1,0 but a string,1 but a string,baseline,"{'session_id': '0 but a string', 'turn_number': 2, 'active_side': 'player'}",[]
2d935f2b-28f1-4e75-9ba9-794918640505,1774139833.2353654,character_attack,0,1,0 but a string,1 but a string,baseline,"{'session_id': '0 but a string', 'attacker_id': 'bomber', 'target_id': 'en1.0', 'damage': 3, 'attack_range': 5}",[]
802d111f-0b42-43c3-ae07-19bf67aeb123,1774139833.7764833,turn_end,0,1,0 but a string,1 but a string,baseline,"{'session_id': '0 but a string', 'turn_number': 2, 'active_side': 'player'}",[]
eee66608-300f-4efe-a593-82bc47a3794b,1774139833.7817876,turn_start,0,1,0 but a string,1 but a string,baseline,"{'session_id': '0 but a string', 'turn_number': 2, 'active_side': 'enemy'}",[]
0224a44b-bff7-4c15-9398-544aa20bfab4,1774139833.7865286,stage_complete,0,1,0 but a string,1 but a string,baseline,"{'session_id': '0 but a string', 'turns_taken': 2, 'characters_alive': 3, 'total_damage_taken': 0}",[]
7706691d-d1c4-4403-816c-d14d669b7d43,1774139833.7931442,stage_start,0,2,0 but a string,1 but a string,baseline,"{'session_id': '0 but a string', 'enemy_count': 3, 'grid_size': '9x11'}",[]
5e88d3e4-6b67-4e0f-a696-88492004bf94,1774139837.707226,character_attack,0,2,0 but a string,1 but a string,baseline,"{'session_id': '0 but a string', 'attacker_id': 'bomber', 'target_id': 'en0.0', 'damage': 3, 'attack_range': 5}",[]
f7126eb7-31c2-4600-a9b4-2f500c140ae2,1774139837.71277,character_attack,0,2,0 but a string,1 but a string,baseline,"{'session_id': '0 but a string', 'attacker_id': 'bomber', 'target_id': 'en1.0', 'damage': 3, 'attack_range': 5}",[]
b01badd4-4c5b-4516-b96a-e27fb8d67700,1774139837.7172053,character_attack,0,2,0 but a string,1 but a string,baseline,"{'session_id': '0 but a string', 'attacker_id': 'bomber', 'target_id': 'en2.0', 'damage': 3, 'attack_range': 5}",[]
09feaf93-57cf-418c-8a7e-cffaaa374226,1774139837.7219543,character_heal,0,2,0 but a string,1 but a string,baseline,"{'healer_id': 'medic', 'target_id': 'brawler', 'heal_amount': 4, 'healing_range': 3}",[]
3567dc74-e1f7-4fdb-b7af-70d627f65f06,1774139837.7260525,character_heal,0,2,0 but a string,1 but a string,baseline,"{'healer_id': 'medic', 'target_id': 'bomber', 'heal_amount': 4, 'healing_range': 3}",[]
91ab2799-c76f-4bb9-b29e-c95eb4627310,1774139838.2506897,turn_end,0,2,0 but a string,1 but a string,baseline,"{'session_id': '0 but a string', 'turn_number': 1, 'active_side': 'player'}",[]
05a0368f-fd0d-401e-b00a-af62962b9355,1774139838.2560666,turn_start,0,2,0 but a string,1 but a string,baseline,"{'session_id': '0 but a string', 'turn_number': 1, 'active_side': 'enemy'}",[]
e329e3a9-0b34-4df9-927f-e27735c1919d,1774139838.854014,enemy_attack,0,2,0 but a string,1 but a string,baseline,"{'session_id': '0 but a string', 'enemy_id': 'en0.0', 'target_id': 'brawler', 'damage': 4}",[]
ed38456a-ed52-48f9-9be3-0a49c96e46df,1774139838.8595915,enemy_attack,0,2,0 but a string,1 but a string,baseline,"{'session_id': '0 but a string', 'enemy_id': 'en0.0', 'target_id': 'bomber', 'damage': 4}",[]
6f4c02a8-ab50-44e4-970f-a3758ddcf356,1774139838.8642473,enemy_attack,0,2,0 but a string,1 but a string,baseline,"{'session_id': '0 but a string', 'enemy_id': 'en1.0', 'target_id': 'brawler', 'damage': 2}",[]
cdb5812e-dd50-41ba-9847-38ba273df09b,1774139838.8685658,enemy_attack,0,2,0 but a string,1 but a string,baseline,"{'session_id': '0 but a string', 'enemy_id': 'en1.0', 'target_id': 'bomber', 'damage': 2}",[]
b8bc7033-6e2c-4c69-94ef-6020be5d1338,1774139838.8725002,enemy_attack,0,2,0 but a string,1 but a string,baseline,"{'session_id': '0 but a string', 'enemy_id': 'en1.0', 'target_id': 'medic', 'damage': 2}",[]
2e7109cd-cbd6-4f23-ad3a-6f5d8a2b413b,1774139839.389819,turn_end,0,2,0 but a string,1 but a string,baseline,"{'session_id': '0 but a string', 'turn_number': 1, 'active_side': 'enemy'}",[]
993ad57d-6784-4930-8a2e-ad729314c89c,1774139839.3952258,turn_start,0,2,0 but a string,1 but a string,baseline,"{'session_id': '0 but a string', 'turn_number': 2, 'active_side': 'player'}",[]
2bbe7e13-9e03-495e-a6f7-61af37ceb73a,1774139840.0297697,character_attack,0,2,0 but a string,1 but a string,baseline,"{'session_id': '0 but a string', 'attacker_id': 'brawler', 'target_id': 'en0.0', 'damage': 5, 'attack_range': 1}",[]
ff44e499-89f0-4cc4-a530-62ddb4585848,1774139840.5673134,turn_end,0,2,0 but a string,1 but a string,baseline,"{'session_id': '0 but a string', 'turn_number': 2, 'active_side': 'player'}",[]
d0937a74-e025-4c12-bcce-41acf898b332,1774139840.5729141,turn_start,0,2,0 but a string,1 but a string,baseline,"{'session_id': '0 but a string', 'turn_number': 2, 'active_side': 'enemy'}",[]
042bf85e-f1d5-496e-a98e-9d00487ad7ba,1774139840.6331306,enemy_attack,0,2,0 but a string,1 but a string,baseline,"{'session_id': '0 but a string', 'enemy_id': 'en1.0', 'target_id': 'brawler', 'damage': 2}",[]
8c6be085-3e36-4f27-8b34-1f964a6dd5fe,1774139840.6386752,enemy_attack,0,2,0 but a string,1 but a string,baseline,"{'session_id': '0 but a string', 'enemy_id': 'en1.0', 'target_id': 'bomber', 'damage': 2}",[]
efa8cbbb-1489-48eb-b5f0-aebd1d55d1d8,1774139840.6431787,enemy_attack,0,2,0 but a string,1 but a string,baseline,"{'session_id': '0 but a string', 'enemy_id': 'en1.0', 'target_id': 'medic', 'damage': 2}",[]
3b6221e7-2c07-401e-911a-547d1b559c85,1774139841.174618,turn_end,0,2,0 but a string,1 but a string,baseline,"{'session_id': '0 but a string', 'turn_number': 2, 'active_side': 'enemy'}",[]
4348ed4a-bf38-43d2-8cde-e6fc02c4e91e,1774139841.1802309,turn_start,0,2,0 but a string,1 but a string,baseline,"{'session_id': '0 but a string', 'turn_number': 3, 'active_side': 'player'}",[]
7ad22717-bc1f-4b90-a9a7-692523b8b99b,1774139841.1851187,stage_fail,0,2,0 but a string,1 but a string,baseline,"{'session_id': '0 but a string', 'turns_taken': 3, 'failure_reason': 'all_players_defeated'}",[]
edac392c-e56f-4ae5-8fd2-06cf25b7a25c,1774139841.1897185,session_end,0,2,0 but a string,1 but a string,baseline,"{'session_id': '0 but a string', 'stages_completed': 2}",[]
ad0393c1-006a-4170-9f12-68719c9d2087,1774141067.8118224,session_start,0,0,0 but a string,1 but a string,baseline,"{'session_id': '0 but a string', 'config_id': 'balanced', 'difficulty_label': 'balanced'}",[]
7e1756e4-42f1-4ecb-9660-194eb9bbeb45,1774141067.817329,level_start,0,0,0 but a string,1 but a string,baseline,"{'session_id': '0 but a string', 'grid_size': '5x6'}",[]
e9cbaa95-1557-4ef8-b0fa-e8b8d63aa5dc,1774141067.8233693,stage_start,0,0,0 but a string,1 but a string,baseline,"{'session_id': '0 but a string', 'enemy_count': 1, 'grid_size': '5x6'}",[]
b67c025e-2665-43ff-a169-b26c8cb6457e,1774141067.8295288,turn_start,0,0,0 but a string,1 but a string,baseline,"{'session_id': '0 but a string', 'turn_number': 1, 'active_side': 'player'}",[]
e54116e5-2e41-4fcd-8386-2ec2f5e4e2ed,1774141069.0150437,character_heal,0,0,0 but a string,1 but a string,baseline,"{'healer_id': 'medic', 'target_id': 'brawler', 'heal_amount': 6, 'healing_range': 3}",[]
4b14a346-68be-4977-ad58-b476c2f04c53,1774141069.022777,character_heal,0,0,0 but a string,1 but a string,baseline,"{'healer_id': 'medic', 'target_id': 'bomber', 'heal_amount': 6, 'healing_range': 3}",[]
a72d2885-ccd3-43e7-98f9-f054ac5e67f2,1774141069.5528083,turn_end,0,0,0 but a string,1 but a string,baseline,"{'session_id': '0 but a string', 'turn_number': 1, 'active_side': 'player'}",[]
a1bb447d-a3b6-4589-9a6f-afc993c941d0,1774141069.558978,turn_start,0,0,0 but a string,1 but a string,baseline,"{'session_id': '0 but a string', 'turn_number': 1, 'active_side': 'enemy'}",[]
9397390b-a540-4f0d-8a74-7bfd5922915f,1774141070.9597282,enemy_attack,0,0,0 but a string,1 but a string,baseline,"{'session_id': '0 but a string', 'enemy_id': 'en0.0', 'target_id': 'brawler', 'damage': 4}",[]
461ab6d4-2c5e-4cf1-9174-03ea226ecd0a,1774141071.4983554,turn_end,0,0,0 but a string,1 but a string,baseline,"{'session_id': '0 but a string', 'turn_number': 1, 'active_side': 'enemy'}",[]
aaaec350-10e3-43e4-8e1a-bd80c9b9bc61,1774141071.5040355,turn_start,0,0,0 but a string,1 but a string,baseline,"{'session_id': '0 but a string', 'turn_number': 2, 'active_side': 'player'}",[]
fb706bd5-4ce8-425b-b4a8-376656f8f971,1774141071.7348042,character_attack,0,0,0 but a string,1 but a string,baseline,"{'session_id': '0 but a string', 'attacker_id': 'brawler', 'target_id': 'en0.0', 'damage': 0, 'attack_range': 1}",[]
0e75f938-0e36-4e77-b300-25fd9a6e6c83,1774141071.7411468,character_heal,0,0,0 but a string,1 but a string,baseline,"{'healer_id': 'medic', 'target_id': 'brawler', 'heal_amount': 6, 'healing_range': 3}",[]
5bd2957f-463d-47f8-a207-08afecac1e0f,1774141071.7460294,character_heal,0,0,0 but a string,1 but a string,baseline,"{'healer_id': 'medic', 'target_id': 'bomber', 'heal_amount': 6, 'healing_range': 3}",[]
25c5119d-9a9f-4537-b0f0-196dac95d321,1774141072.2751675,turn_end,0,0,0 but a string,1 but a string,baseline,"{'session_id': '0 but a string', 'turn_number': 2, 'active_side': 'player'}",[]
f88b0e2f-9907-4845-bdc0-ca231adc14ba,1774141072.2810583,turn_start,0,0,0 but a string,1 but a string,baseline,"{'session_id': '0 but a string', 'turn_number': 2, 'active_side': 'enemy'}",[]
dab7abd7-16d8-4b22-add6-2db8f398eb0c,1774141072.3429694,enemy_attack,0,0,0 but a string,1 but a string,baseline,"{'session_id': '0 but a string', 'enemy_id': 'en0.0', 'target_id': 'brawler', 'damage': 4}",[]
7ba227b3-9348-4e2b-9db2-fba612f8a2ba,1774141072.8794577,turn_end,0,0,0 but a string,1 but a string,baseline,"{'session_id': '0 but a string', 'turn_number': 2, 'active_side': 'enemy'}",[]
4cbb8485-215a-4085-914c-531d14fb3cfb,1774141072.8855348,turn_start,0,0,0 but a string,1 but a string,baseline,"{'session_id': '0 but a string', 'turn_number': 3, 'active_side': 'player'}",[]
1c074659-863b-44c7-9bba-bf19322a2206,1774141073.2490976,character_attack,0,0,0 but a string,1 but a string,baseline,"{'session_id': '0 but a string', 'attacker_id': 'brawler', 'target_id': 'en0.0', 'damage': 0, 'attack_range': 1}",[]
c131c133-2aab-487c-b87d-c9860eeeb36a,1774141073.2553728,character_heal,0,0,0 but a string,1 but a string,baseline,"{'healer_id': 'medic', 'target_id': 'brawler', 'heal_amount': 6, 'healing_range': 3}",[]
f1245386-ecce-47ff-9fd7-55f7614230a8,1774141073.2604554,character_heal,0,0,0 but a string,1 but a string,baseline,"{'healer_id': 'medic', 'target_id': 'bomber', 'heal_amount': 6, 'healing_range': 3}",[]
9b4b982b-df98-4cd2-854e-97fbc7c17e14,1774141073.7871065,turn_end,0,0,0 but a string,1 but a string,baseline,"{'session_id': '0 but a string', 'turn_number': 3, 'active_side': 'player'}",[]
8c62ea6b-db92-4096-8c36-77eee06559fe,1774141073.7931457,turn_start,0,0,0 but a string,1 but a string,baseline,"{'session_id': '0 but a string', 'turn_number': 3, 'active_side': 'enemy'}",[]
5fcb34a7-4120-4a3a-b28e-00a80e361e8c,1774141073.8539245,enemy_attack,0,0,0 but a string,1 but a string,baseline,"{'session_id': '0 but a string', 'enemy_id': 'en0.0', 'target_id': 'brawler', 'damage': 4}",[]
88546863-5840-4660-846d-199c90a3c9a9,1774141074.3888512,turn_end,0,0,0 but a string,1 but a string,baseline,"{'session_id': '0 but a string', 'turn_number': 3, 'active_side': 'enemy'}",[]
71d0f214-5be1-4def-922e-d47743b0f2fb,1774141074.3953586,turn_start,0,0,0 but a string,1 but a string,baseline,"{'session_id': '0 but a string', 'turn_number': 4, 'active_side': 'player'}",[]
2d8a5a3a-7980-4fdd-8109-ec62bd336e9e,1774141074.6236894,character_attack,0,0,0 but a string,1 but a string,baseline,"{'session_id': '0 but a string', 'attacker_id': 'brawler', 'target_id': 'en0.0', 'damage': 0, 'attack_range': 1}",[]
1ab00920-9113-465a-971b-52d0cb02a447,1774141074.6301026,character_heal,0,0,0 but a string,1 but a string,baseline,"{'healer_id': 'medic', 'target_id': 'brawler', 'heal_amount': 6, 'healing_range': 3}",[]
b728768d-289a-4d27-b259-b12a7e266337,1774141074.6352837,character_heal,0,0,0 but a string,1 but a string,baseline,"{'healer_id': 'medic', 'target_id': 'bomber', 'heal_amount': 6, 'healing_range': 3}",[]
806ebf46-4b76-46a5-a423-d5ca4aaf9e9b,1774141075.1633084,turn_end,0,0,0 but a string,1 but a string,baseline,"{'session_id': '0 but a string', 'turn_number': 4, 'active_side': 'player'}",[]
851b2232-6cd2-42df-a9bb-e5e7b05126f3,1774141075.169584,turn_start,0,0,0 but a string,1 but a string,baseline,"{'session_id': '0 but a string', 'turn_number': 4, 'active_side': 'enemy'}",[]
70c6fb30-c96e-43a2-895f-aaa88313883c,1774141075.2291152,enemy_attack,0,0,0 but a string,1 but a string,baseline,"{'session_id': '0 but a string', 'enemy_id': 'en0.0', 'target_id': 'brawler', 'damage': 4}",[]
46954c2a-b109-4287-8f9f-6bf6e466dac2,1774141075.7617736,turn_end,0,0,0 but a string,1 but a string,baseline,"{'session_id': '0 but a string', 'turn_number': 4, 'active_side': 'enemy'}",[]
22c80a25-5e4e-4e49-bbf8-465aff53c118,1774141075.7685251,turn_start,0,0,0 but a string,1 but a string,baseline,"{'session_id': '0 but a string', 'turn_number': 5, 'active_side': 'player'}",[]
d5ae1f9a-8984-46b7-a6af-42224437b7f8,1774141075.9943366,character_attack,0,0,0 but a string,1 but a string,baseline,"{'session_id': '0 but a string', 'attacker_id': 'brawler', 'target_id': 'en0.0', 'damage': 0, 'attack_range': 1}",[]
3d7d5b31-60ea-4213-bad0-9e3d253627af,1774141076.0009797,character_heal,0,0,0 but a string,1 but a string,baseline,"{'healer_id': 'medic', 'target_id': 'brawler', 'heal_amount': 6, 'healing_range': 3}",[]
315c493e-40dd-4e9a-8eea-3424368ddc99,1774141076.0064719,character_heal,0,0,0 but a string,1 but a string,baseline,"{'healer_id': 'medic', 'target_id': 'bomber', 'heal_amount': 6, 'healing_range': 3}",[]
c19bb3d1-8a71-44b1-853b-ae6606387145,1774141076.5289302,turn_end,0,0,0 but a string,1 but a string,baseline,"{'session_id': '0 but a string', 'turn_number': 5, 'active_side': 'player'}",[]
eb908c19-e8b9-4b15-a7e4-ef9c48e26120,1774141076.5352685,turn_start,0,0,0 but a string,1 but a string,baseline,"{'session_id': '0 but a string', 'turn_number': 5, 'active_side': 'enemy'}",[]
046daa15-8758-43b7-bd84-b5ac52dfd9b9,1774141076.5948727,enemy_attack,0,0,0 but a string,1 but a string,baseline,"{'session_id': '0 but a string', 'enemy_id': 'en0.0', 'target_id': 'brawler', 'damage': 4}",[]
def4b866-4d39-41a5-933d-9df33e1cd2fd,1774141077.1311288,turn_end,0,0,0 but a string,1 but a string,baseline,"{'session_id': '0 but a string', 'turn_number': 5, 'active_side': 'enemy'}",[]
7d839437-3d33-4d94-96ff-3eb50c7eeb5d,1774141077.1377933,turn_start,0,0,0 but a string,1 but a string,baseline,"{'session_id': '0 but a string', 'turn_number': 6, 'active_side': 'player'}",[]
60de0a2b-c13b-4dbe-8d72-3ad8048e7bdf,1774141077.3659112,character_attack,0,0,0 but a string,1 but a string,baseline,"{'session_id': '0 but a string', 'attacker_id': 'brawler', 'target_id': 'en0.0', 'damage': 0, 'attack_range': 1}",[]
60a730d1-4e26-4369-bcf9-add243180da1,1774141077.3716388,character_heal,0,0,0 but a string,1 but a string,baseline,"{'healer_id': 'medic', 'target_id': 'brawler', 'heal_amount': 6, 'healing_range': 3}",[]
9cf923c3-d3c0-4d77-b11a-a4449b9a4349,1774141077.3762693,character_heal,0,0,0 but a string,1 but a string,baseline,"{'healer_id': 'medic', 'target_id': 'bomber', 'heal_amount': 6, 'healing_range': 3}",[]
f3727d5e-d484-41ef-91b6-cd4e9988f380,1774141077.9084697,turn_end,0,0,0 but a string,1 but a string,baseline,"{'session_id': '0 but a string', 'turn_number': 6, 'active_side': 'player'}",[]
345baa3c-3481-402d-a997-46df1e6aa5a6,1774141077.913545,turn_start,0,0,0 but a string,1 but a string,baseline,"{'session_id': '0 but a string', 'turn_number': 6, 'active_side': 'enemy'}",[]
11ab643c-bf02-4f05-a6b7-11ae8d1d2497,1774141077.9739623,enemy_attack,0,0,0 but a string,1 but a string,baseline,"{'session_id': '0 but a string', 'enemy_id': 'en0.0', 'target_id': 'brawler', 'damage': 4}",[]
4f7a657b-da8e-479a-8610-c9064b60e459,1774141078.5084355,turn_end,0,0,0 but a string,1 but a string,baseline,"{'session_id': '0 but a string', 'turn_number': 6, 'active_side': 'enemy'}",[]
8106ba15-4815-49b3-be0c-8a8701b47682,1774141078.5139215,turn_start,0,0,0 but a string,1 but a string,baseline,"{'session_id': '0 but a string', 'turn_number': 7, 'active_side': 'player'}",[]
1bdc0d30-1d00-46df-b4bc-d1e60031e96f,1774141079.9864604,character_attack,0,0,0 but a string,1 but a string,baseline,"{'session_id': '0 but a string', 'attacker_id': 'brawler', 'target_id': 'en0.0', 'damage': 0, 'attack_range': 1}",[]
fcad5820-5a51-4451-90eb-5103d6d893f9,1774141079.9921725,character_heal,0,0,0 but a string,1 but a string,baseline,"{'healer_id': 'medic', 'target_id': 'brawler', 'heal_amount': 6, 'healing_range': 3}",[]
642468eb-5354-4034-bec1-12887a7a49bd,1774141079.9967573,character_heal,0,0,0 but a string,1 but a string,baseline,"{'healer_id': 'medic', 'target_id': 'bomber', 'heal_amount': 6, 'healing_range': 3}",[]
91d83c27-ea4d-4e35-9366-5518fc551e68,1774141080.5264344,turn_end,0,0,0 but a string,1 but a string,baseline,"{'session_id': '0 but a string', 'turn_number': 7, 'active_side': 'player'}",[]
0b31f9b9-e162-459c-bf77-71e0aa0588fb,1774141080.5324805,turn_start,0,0,0 but a string,1 but a string,baseline,"{'session_id': '0 but a string', 'turn_number': 7, 'active_side': 'enemy'}",[]
6f9a40d9-58f8-470c-a171-02baaf04e4eb,1774141080.5933254,enemy_attack,0,0,0 but a string,1 but a string,baseline,"{'session_id': '0 but a string', 'enemy_id': 'en0.0', 'target_id': 'brawler', 'damage': 4}",[]
874543f2-2e7b-4098-a829-56e55f42c805,1774141081.131154,turn_end,0,0,0 but a string,1 but a string,baseline,"{'session_id': '0 but a string', 'turn_number': 7, 'active_side': 'enemy'}",[]
29e68e67-ed69-4ff1-aaa5-eb2de9f15379,1774141081.136462,turn_start,0,0,0 but a string,1 but a string,baseline,"{'session_id': '0 but a string', 'turn_number': 8, 'active_side': 'player'}",[]
fbd32d27-6c14-4b7c-83ec-9ad361044f36,1774141081.6796107,quit,0,0,0 but a string,1 but a string,baseline,"{'session_id': '0 but a string', 'turn_number': 8}",[]
e4635c6d-c7d3-4e57-bcbf-7e8f2eef47f9,1774141081.6851149,stage_fail,0,0,0 but a string,1 but a string,baseline,"{'session_id': '0 but a string', 'turns_taken': 8, 'failure_reason': 'window_closed'}",[]
d933982d-dfee-4ad4-9e98-afe9c3ddd561,1774141081.6901393,session_end,0,0,0 but a string,1 but a string,baseline,"{'session_id': '0 but a string', 'stages_completed': 0}",[]
e933ed60-32c3-41c3-87d3-a40af2dc073e,1774141081.7305958,session_start,0,0,0 but a string,1 but a string,baseline,"{'session_id': '0 but a string', 'config_id': 'balanced', 'difficulty_label': 'balanced'}",[]
995a75f5-7a5e-40dd-9ab3-75857daadcaf,1774141081.7354932,level_start,0,0,0 but a string,1 but a string,baseline,"{'session_id': '0 but a string', 'grid_size': '9x11'}",[]
2fe6ae30-5526-44aa-8e83-c3512c74a6d8,1774141081.7404957,stage_start,0,0,0 but a string,1 but a string,baseline,"{'session_id': '0 but a string', 'enemy_count': 2, 'grid_size': '9x11'}",[]
831fc61d-3885-4a72-a2be-a9c1b0a341aa,1774141081.7453299,turn_start,0,0,0 but a string,1 but a string,baseline,"{'session_id': '0 but a string', 'turn_number': 1, 'active_side': 'player'}",[]
8942e09c-503f-4059-a307-3eb7b7ac2855,1774141084.0016234,character_heal,0,0,0 but a string,1 but a string,baseline,"{'healer_id': 'medic', 'target_id': 'brawler', 'heal_amount': 4, 'healing_range': 3}",[]
d6b1afac-fd11-4256-bc4e-524f4b7e2a35,1774141084.537345,turn_end,0,0,0 but a string,1 but a string,baseline,"{'session_id': '0 but a string', 'turn_number': 1, 'active_side': 'player'}",[]
c244e5b1-099e-405d-bf48-2481a150bbaf,1774141084.5427754,turn_start,0,0,0 but a string,1 but a string,baseline,"{'session_id': '0 but a string', 'turn_number': 1, 'active_side': 'enemy'}",[]
f2f88cfb-ab94-4442-8187-4bd777a030af,1774141086.4837463,enemy_attack,0,0,0 but a string,1 but a string,baseline,"{'session_id': '0 but a string', 'enemy_id': 'en0.0', 'target_id': 'brawler', 'damage': 4}",[]
873ea97d-ddbf-423d-b056-7ee2fa2f8268,1774141086.489509,enemy_attack,0,0,0 but a string,1 but a string,baseline,"{'session_id': '0 but a string', 'enemy_id': 'en2.0', 'target_id': 'brawler', 'damage': 1}",[]
06c49d75-9a50-4380-a7b2-18d035ed2deb,1774141086.4939249,enemy_attack,0,0,0 but a string,1 but a string,baseline,"{'session_id': '0 but a string', 'enemy_id': 'en2.0', 'target_id': 'bomber', 'damage': 1}",[]
adab8a0f-ba04-4ace-99bc-e8b0fb58998f,1774141087.0581985,turn_end,0,0,0 but a string,1 but a string,baseline,"{'session_id': '0 but a string', 'turn_number': 1, 'active_side': 'enemy'}",[]
21ee089f-8f28-4a0d-8c94-63ab0c7c3b30,1774141087.0637715,turn_start,0,0,0 but a string,1 but a string,baseline,"{'session_id': '0 but a string', 'turn_number': 2, 'active_side': 'player'}",[]
4dcdcb53-b6cf-4a01-b1b0-accfe0943381,1774141087.1579955,character_attack,0,0,0 but a string,1 but a string,baseline,"{'session_id': '0 but a string', 'attacker_id': 'brawler', 'target_id': 'en0.0', 'damage': 5, 'attack_range': 1}",[]
fe8ac23f-ee66-4dbf-aa6a-dd0bd3257e86,1774141087.1638236,character_attack,0,0,0 but a string,1 but a string,baseline,"{'session_id': '0 but a string', 'attacker_id': 'bomber', 'target_id': 'en0.0', 'damage': 3, 'attack_range': 5}",[]
3a4184ec-9e60-435f-8cd8-1bff43f4c495,1774141087.1685069,character_attack,0,0,0 but a string,1 but a string,baseline,"{'session_id': '0 but a string', 'attacker_id': 'bomber', 'target_id': 'en2.0', 'damage': 3, 'attack_range': 5}",[]
e707521a-2d12-46f9-a430-80504af342cd,1774141087.172627,character_heal,0,0,0 but a string,1 but a string,baseline,"{'healer_id': 'medic', 'target_id': 'brawler', 'heal_amount': 4, 'healing_range': 3}",[]
1c8ef360-8597-437c-9ee6-bebfd3ee0640,1774141087.6965497,turn_end,0,0,0 but a string,1 but a string,baseline,"{'session_id': '0 but a string', 'turn_number': 2, 'active_side': 'player'}",[]
89d84e22-f899-4669-bb53-eb3fb690ef78,1774141087.7019894,turn_start,0,0,0 but a string,1 but a string,baseline,"{'session_id': '0 but a string', 'turn_number': 2, 'active_side': 'enemy'}",[]
053c2d9b-f6f4-4839-8f81-8b2be3192e4f,1774141087.706316,stage_complete,0,0,0 but a string,1 but a string,baseline,"{'session_id': '0 but a string', 'turns_taken': 2, 'characters_alive': 3, 'total_damage_taken': 0}",[]
5c37edfb-4393-4123-a33b-7cf3b541b65b,1774141087.7121956,stage_start,0,1,0 but a string,1 but a string,baseline,"{'session_id': '0 but a string', 'enemy_count': 2, 'grid_size': '9x11'}",[]
f0d56474-05c9-4adf-9258-93005798452a,1774141088.5692787,character_heal,0,1,0 but a string,1 but a string,baseline,"{'healer_id': 'medic', 'target_id': 'brawler', 'heal_amount': 4, 'healing_range': 3}",[]
340841d4-f394-483d-a822-61e5819bfcda,1774141089.1069856,turn_end,0,1,0 but a string,1 but a string,baseline,"{'session_id': '0 but a string', 'turn_number': 1, 'active_side': 'player'}",[]
8e655568-882b-4708-b576-493afa87bdc6,1774141089.1124394,turn_start,0,1,0 but a string,1 but a string,baseline,"{'session_id': '0 but a string', 'turn_number': 1, 'active_side': 'enemy'}",[]
55f6bbfc-2dd0-4375-bc4b-e558a4a0ce75,1774141090.2584975,enemy_attack,0,1,0 but a string,1 but a string,baseline,"{'session_id': '0 but a string', 'enemy_id': 'en2.0', 'target_id': 'brawler', 'damage': 1}",[]
147bbadc-2c03-43e0-a000-c088b4c2e0d6,1774141090.2641053,enemy_attack,0,1,0 but a string,1 but a string,baseline,"{'session_id': '0 but a string', 'enemy_id': 'en2.0', 'target_id': 'bomber', 'damage': 1}",[]
efdd4248-f77b-483a-80a0-f47f462f19a0,1774141090.2684836,enemy_attack,0,1,0 but a string,1 but a string,baseline,"{'session_id': '0 but a string', 'enemy_id': 'en2.0', 'target_id': 'medic', 'damage': 1}",[]
aa94374b-7f34-4d2d-8d19-cfe35b974fd4,1774141090.7951837,turn_end,0,1,0 but a string,1 but a string,baseline,"{'session_id': '0 but a string', 'turn_number': 1, 'active_side': 'enemy'}",[]
098bdbc6-56e6-4d8c-a186-ec1ace7e4d8b,1774141090.800547,turn_start,0,1,0 but a string,1 but a string,baseline,"{'session_id': '0 but a string', 'turn_number': 2, 'active_side': 'player'}",[]
86c5c120-7e36-4d1f-9bb5-7ec33864236b,1774141093.8432746,quit,0,1,0 but a string,1 but a string,baseline,"{'session_id': '0 but a string', 'turn_number': 2}",[]
907c7bb5-27cb-4e6e-9b9f-3692c219e45a,1774141093.8484938,stage_fail,0,1,0 but a string,1 but a string,baseline,"{'session_id': '0 but a string', 'turns_taken': 2, 'failure_reason': 'window_closed'}",[]
13bcd50d-5861-456e-9496-66dc4d5031cf,1774141093.852986,session_end,0,1,0 but a string,1 but a string,baseline,"{'session_id': '0 but a string', 'stages_completed': 1}",[]
5488332d-69de-4e40-9b60-1ef7e0396718,1774141230.8937078,session_start,0,0,0 but a string,1 but a string,baseline,"{'session_id': '0 but a string', 'config_id': 'balanced', 'difficulty_label': 'balanced'}",[]
5fea616b-7283-47c6-9bd2-8648a3ec9dd5,1774141230.8998208,level_start,0,0,0 but a string,1 but a string,baseline,"{'session_id': '0 but a string', 'grid_size': '5x6'}",[]
dfeb7476-a4c6-48f8-a55c-67b9d8f0c3fd,1774141230.906336,stage_start,0,0,0 but a string,1 but a string,baseline,"{'session_id': '0 but a string', 'enemy_count': 1, 'grid_size': '5x6'}",[]
0498bf8a-79cc-4e6c-80dc-577f932cdbb6,1774141230.9130905,turn_start,0,0,0 but a string,1 but a string,baseline,"{'session_id': '0 but a string', 'turn_number': 1, 'active_side': 'player'}",[]
c454e765-1cdf-4b0b-97be-02d85d0aaaa4,1774141231.4865274,character_attack,0,0,0 but a string,1 but a string,baseline,"{'session_id': '0 but a string', 'attacker_id': 'bomber', 'target_id': 'en0.0', 'damage': 3, 'attack_range': 5}",[]
879ed5b8-399b-4127-966b-5817df0fc856,1774141231.4924402,character_heal,0,0,0 but a string,1 but a string,baseline,"{'healer_id': 'medic', 'target_id': 'brawler', 'heal_amount': 1, 'healing_range': 3}",[]
f5cede5a-4ff0-44eb-9966-13de4de3d7d3,1774141231.4974034,character_heal,0,0,0 but a string,1 but a string,baseline,"{'healer_id': 'medic', 'target_id': 'bomber', 'heal_amount': 1, 'healing_range': 3}",[]
ad2d8bb7-340d-404b-b853-85139fbd27be,1774141232.0933075,turn_end,0,0,0 but a string,1 but a string,baseline,"{'session_id': '0 but a string', 'turn_number': 1, 'active_side': 'player'}",[]
0ddba46b-fc63-44f6-8de6-4988efaa2acf,1774141232.0986373,turn_start,0,0,0 but a string,1 but a string,baseline,"{'session_id': '0 but a string', 'turn_number': 1, 'active_side': 'enemy'}",[]
1f8279d4-5592-4a64-8bdd-cb8569a15b2b,1774141233.5074592,enemy_attack,0,0,0 but a string,1 but a string,baseline,"{'session_id': '0 but a string', 'enemy_id': 'en0.0', 'target_id': 'brawler', 'damage': 4}",[]
18d2ed8b-766b-4ed5-8048-b100e2f6fb13,1774141234.045893,turn_end,0,0,0 but a string,1 but a string,baseline,"{'session_id': '0 but a string', 'turn_number': 1, 'active_side': 'enemy'}",[]
b0b4e5dd-ce72-4dc3-818f-f85c727dbe1d,1774141234.0515935,turn_start,0,0,0 but a string,1 but a string,baseline,"{'session_id': '0 but a string', 'turn_number': 2, 'active_side': 'player'}",[]
fa4e3089-4b62-4662-a4d5-aa233206e6d3,1774141234.3474224,character_attack,0,0,0 but a string,1 but a string,baseline,"{'session_id': '0 but a string', 'attacker_id': 'brawler', 'target_id': 'en0.0', 'damage': 5, 'attack_range': 1}",[]
305802c6-6f1e-40fc-a5d8-2b3df8db6fa6,1774141234.3535614,character_attack,0,0,0 but a string,1 but a string,baseline,"{'session_id': '0 but a string', 'attacker_id': 'bomber', 'target_id': 'en0.0', 'damage': 3, 'attack_range': 5}",[]
779ee5cb-fbdf-475b-b43b-aadc48ce058d,1774141234.358234,character_heal,0,0,0 but a string,1 but a string,baseline,"{'healer_id': 'medic', 'target_id': 'brawler', 'heal_amount': 1, 'healing_range': 3}",[]
780f39d9-1930-4384-a246-89e0cb56727f,1774141234.3624916,character_heal,0,0,0 but a string,1 but a string,baseline,"{'healer_id': 'medic', 'target_id': 'bomber', 'heal_amount': 1, 'healing_range': 3}",[]
ee543373-1afc-4f0b-ae9e-505505125126,1774141234.9507372,turn_end,0,0,0 but a string,1 but a string,baseline,"{'session_id': '0 but a string', 'turn_number': 2, 'active_side': 'player'}",[]
60465db6-e8f8-40e6-96e0-c5b2c55484d1,1774141234.9562955,turn_start,0,0,0 but a string,1 but a string,baseline,"{'session_id': '0 but a string', 'turn_number': 2, 'active_side': 'enemy'}",[]
6bdb7a0f-4f62-4d47-991b-64ca5d48fc7e,1774141234.9608202,stage_complete,0,0,0 but a string,1 but a string,baseline,"{'session_id': '0 but a string', 'turns_taken': 2, 'characters_alive': 3, 'total_damage_taken': 0}",[]
d9cb57b0-61f1-4877-9231-9e2f52ea2e05,1774141234.966072,stage_start,0,1,0 but a string,1 but a string,baseline,"{'session_id': '0 but a string', 'enemy_count': 1, 'grid_size': '5x6'}",[]
68cc203e-7666-44ef-b34a-bef6f622ee8a,1774141235.3578532,character_attack,0,1,0 but a string,1 but a string,baseline,"{'session_id': '0 but a string', 'attacker_id': 'bomber', 'target_id': 'en1.0', 'damage': 3, 'attack_range': 5}",[]
08e8cddd-9b8a-4ddb-9d36-619d02bd76f3,1774141235.363327,character_heal,0,1,0 but a string,1 but a string,baseline,"{'healer_id': 'medic', 'target_id': 'brawler', 'heal_amount': 1, 'healing_range': 3}",[]
41615d4f-962e-4e5d-8300-dbf988952a5f,1774141235.368035,character_heal,0,1,0 but a string,1 but a string,baseline,"{'healer_id': 'medic', 'target_id': 'bomber', 'heal_amount': 1, 'healing_range': 3}",[]
fbe45563-4404-4497-adaf-44ef85ca5650,1774141235.9337652,turn_end,0,1,0 but a string,1 but a string,baseline,"{'session_id': '0 but a string', 'turn_number': 1, 'active_side': 'player'}",[]
4e48ecfd-ba5e-494b-b452-6bde6fc5d300,1774141235.9394095,turn_start,0,1,0 but a string,1 but a string,baseline,"{'session_id': '0 but a string', 'turn_number': 1, 'active_side': 'enemy'}",[]
07b4b8b5-a7e1-467a-be5f-4d7a7e03c28b,1774141236.2668083,enemy_attack,0,1,0 but a string,1 but a string,baseline,"{'session_id': '0 but a string', 'enemy_id': 'en1.0', 'target_id': 'brawler', 'damage': 2}",[]
3f522dcf-f931-4487-8a1d-9a5ab6289bc5,1774141236.2724316,enemy_attack,0,1,0 but a string,1 but a string,baseline,"{'session_id': '0 but a string', 'enemy_id': 'en1.0', 'target_id': 'bomber', 'damage': 2}",[]
ab179c80-0820-42c8-ae62-b495c6931f35,1774141236.277006,enemy_attack,0,1,0 but a string,1 but a string,baseline,"{'session_id': '0 but a string', 'enemy_id': 'en1.0', 'target_id': 'medic', 'damage': 2}",[]
50f072d6-314b-4aa4-92c9-f92a0d181855,1774141236.910672,turn_end,0,1,0 but a string,1 but a string,baseline,"{'session_id': '0 but a string', 'turn_number': 1, 'active_side': 'enemy'}",[]
3ea1f1e0-ad66-4917-92ae-6e305daa88f8,1774141236.9161568,turn_start,0,1,0 but a string,1 but a string,baseline,"{'session_id': '0 but a string', 'turn_number': 2, 'active_side': 'player'}",[]
9a1e9c24-b06e-4d8d-8dd2-b12f74035453,1774141237.1114998,character_attack,0,1,0 but a string,1 but a string,baseline,"{'session_id': '0 but a string', 'attacker_id': 'bomber', 'target_id': 'en1.0', 'damage': 3, 'attack_range': 5}",[]
c43801f7-8c3d-4bb9-a251-0f6a90e92a1a,1774141237.1171029,character_heal,0,1,0 but a string,1 but a string,baseline,"{'healer_id': 'medic', 'target_id': 'brawler', 'heal_amount': 1, 'healing_range': 3}",[]
9f51c367-8bdd-4f04-8504-3c0578b217e7,1774141237.121473,character_heal,0,1,0 but a string,1 but a string,baseline,"{'healer_id': 'medic', 'target_id': 'bomber', 'heal_amount': 1, 'healing_range': 3}",[]
3e75095d-d5c2-4191-95df-0895f3b8f625,1774141237.6819124,turn_end,0,1,0 but a string,1 but a string,baseline,"{'session_id': '0 but a string', 'turn_number': 2, 'active_side': 'player'}",[]
03e0bbf6-8c49-415b-9c54-d241dd70f0de,1774141237.6876876,turn_start,0,1,0 but a string,1 but a string,baseline,"{'session_id': '0 but a string', 'turn_number': 2, 'active_side': 'enemy'}",[]
d55e298b-f531-4fe5-a0eb-a7f15240933a,1774141237.6923008,stage_complete,0,1,0 but a string,1 but a string,baseline,"{'session_id': '0 but a string', 'turns_taken': 2, 'characters_alive': 3, 'total_damage_taken': 0}",[]
6ad39ac6-4e54-4396-bc18-6d1ad8907c8b,1774141237.6973212,stage_start,0,2,0 but a string,1 but a string,baseline,"{'session_id': '0 but a string', 'enemy_count': 1, 'grid_size': '5x6'}",[]
39dc535e-1e41-4317-8526-70fda503f545,1774141237.9512303,character_attack,0,2,0 but a string,1 but a string,baseline,"{'session_id': '0 but a string', 'attacker_id': 'bomber', 'target_id': 'en2.0', 'damage': 3, 'attack_range': 5}",[]
83e1d683-0055-4d43-ac8b-f1ef2cef99dd,1774141237.9567816,character_heal,0,2,0 but a string,1 but a string,baseline,"{'healer_id': 'medic', 'target_id': 'brawler', 'heal_amount': 1, 'healing_range': 3}",[]
a03926bf-cfe0-4489-a041-eb3bb923eafc,1774141237.9612596,character_heal,0,2,0 but a string,1 but a string,baseline,"{'healer_id': 'medic', 'target_id': 'bomber', 'heal_amount': 1, 'healing_range': 3}",[]
6d969726-d5dd-4aa3-966f-2ca06c211733,1774141238.4850614,turn_end,0,2,0 but a string,1 but a string,baseline,"{'session_id': '0 but a string', 'turn_number': 1, 'active_side': 'player'}",[]
ae2566f2-e83e-443d-b5b3-8f55873f1eab,1774141238.4909232,turn_start,0,2,0 but a string,1 but a string,baseline,"{'session_id': '0 but a string', 'turn_number': 1, 'active_side': 'enemy'}",[]
9298165e-17c0-4d95-a969-5c01ac9d0075,1774141238.4952786,stage_complete,0,2,0 but a string,1 but a string,baseline,"{'session_id': '0 but a string', 'turns_taken': 1, 'characters_alive': 3, 'total_damage_taken': 0}",[]
e1c2af2b-2a0e-4bab-bcae-0336dc02fff1,1774141238.499329,level_complete,0,3,0 but a string,1 but a string,baseline,"{'session_id': '0 but a string', 'characters_alive': 3}",[]
accd3ab2-e5bd-4275-8b1b-496128a875b6,1774141238.5467093,session_start,0,0,0 but a string,1 but a string,baseline,"{'session_id': '0 but a string', 'config_id': 'balanced', 'difficulty_label': 'balanced'}",[]
830285e3-9ef1-423e-b7aa-804bb63030d5,1774141238.5516958,level_start,0,0,0 but a string,1 but a string,baseline,"{'session_id': '0 but a string', 'grid_size': '9x11'}",[]
12c298da-ec2c-42d9-9000-04011709d013,1774141238.5560803,stage_start,0,0,0 but a string,1 but a string,baseline,"{'session_id': '0 but a string', 'enemy_count': 2, 'grid_size': '9x11'}",[]
ecb07d8c-8192-48b6-8bcc-d24be24578e3,1774141238.560438,turn_start,0,0,0 but a string,1 but a string,baseline,"{'session_id': '0 but a string', 'turn_number': 1, 'active_side': 'player'}",[]
9a1d00eb-a217-4cf8-89b9-2698cc54b47c,1774141238.8980865,character_heal,0,0,0 but a string,1 but a string,baseline,"{'healer_id': 'medic', 'target_id': 'brawler', 'heal_amount': 4, 'healing_range': 3}",[]
d2b98374-c085-4414-8e5b-941c00b07a8d,1774141239.4351926,turn_end,0,0,0 but a string,1 but a string,baseline,"{'session_id': '0 but a string', 'turn_number': 1, 'active_side': 'player'}",[]
0626c1d1-79db-4178-8075-856c99a5d0bb,1774141239.4492645,turn_start,0,0,0 but a string,1 but a string,baseline,"{'session_id': '0 but a string', 'turn_number': 1, 'active_side': 'enemy'}",[]
fb5d24ef-5b5a-4acc-97e8-0d5f5c8993b0,1774141241.3847702,enemy_attack,0,0,0 but a string,1 but a string,baseline,"{'session_id': '0 but a string', 'enemy_id': 'en0.0', 'target_id': 'brawler', 'damage': 3}",[]
d107686e-f18a-47b2-ad22-a0b1bd2a22b8,1774141241.3903255,enemy_attack,0,0,0 but a string,1 but a string,baseline,"{'session_id': '0 but a string', 'enemy_id': 'en2.0', 'target_id': 'brawler', 'damage': 1}",[]
6a7b6b6d-cec4-4903-a93f-b0d17d03695c,1774141241.3945503,enemy_attack,0,0,0 but a string,1 but a string,baseline,"{'session_id': '0 but a string', 'enemy_id': 'en2.0', 'target_id': 'bomber', 'damage': 1}",[]
6da360ac-a281-4abe-b1cc-97bd27387848,1774141241.9219077,turn_end,0,0,0 but a string,1 but a string,baseline,"{'session_id': '0 but a string', 'turn_number': 1, 'active_side': 'enemy'}",[]
93f80fbd-f237-440b-a7dd-c11e566ce691,1774141241.9274244,turn_start,0,0,0 but a string,1 but a string,baseline,"{'session_id': '0 but a string', 'turn_number': 2, 'active_side': 'player'}",[]
eae95189-b8b1-40c4-92fa-06568ad37c6e,1774141248.5602973,character_attack,0,0,0 but a string,1 but a string,baseline,"{'session_id': '0 but a string', 'attacker_id': 'brawler', 'target_id': 'en0.0', 'damage': 5, 'attack_range': 1}",[]
e2617acf-556a-4cf7-b4d8-847fd3807401,1774141248.565985,character_attack,0,0,0 but a string,1 but a string,baseline,"{'session_id': '0 but a string', 'attacker_id': 'bomber', 'target_id': 'en0.0', 'damage': 3, 'attack_range': 5}",[]
a3fc8d6d-f35b-4a2a-a773-947f68da175f,1774141248.5704694,character_attack,0,0,0 but a string,1 but a string,baseline,"{'session_id': '0 but a string', 'attacker_id': 'bomber', 'target_id': 'en2.0', 'damage': 3, 'attack_range': 5}",[]
302bbc03-a09b-4af0-9108-eabf61ebdfee,1774141248.5747259,character_heal,0,0,0 but a string,1 but a string,baseline,"{'healer_id': 'medic', 'target_id': 'brawler', 'heal_amount': 4, 'healing_range': 3}",[]
2756319e-8782-4689-9302-625a27277006,1774141248.5794647,character_heal,0,0,0 but a string,1 but a string,baseline,"{'healer_id': 'medic', 'target_id': 'bomber', 'heal_amount': 4, 'healing_range': 3}",[]
106cb8dc-bae2-431c-b95f-b946ab07b09f,1774141249.099754,turn_end,0,0,0 but a string,1 but a string,baseline,"{'session_id': '0 but a string', 'turn_number': 2, 'active_side': 'player'}",[]
1f6b6111-abda-4f1f-9de2-5a106d1d0da0,1774141249.105258,turn_start,0,0,0 but a string,1 but a string,baseline,"{'session_id': '0 but a string', 'turn_number': 2, 'active_side': 'enemy'}",[]
2d6ac4cc-c919-4fde-ad13-400d45f71e1e,1774141249.1095822,stage_complete,0,0,0 but a string,1 but a string,baseline,"{'session_id': '0 but a string', 'turns_taken': 2, 'characters_alive': 3, 'total_damage_taken': 0}",[]
b7f72798-b69b-4b50-8c68-769c35be2442,1774141249.1153705,stage_start,0,1,0 but a string,1 but a string,baseline,"{'session_id': '0 but a string', 'enemy_count': 2, 'grid_size': '9x11'}",[]
2babdeeb-29b4-4936-af40-8f0537bfe5a3,1774141256.540089,character_attack,0,1,0 but a string,1 but a string,baseline,"{'session_id': '0 but a string', 'attacker_id': 'bomber', 'target_id': 'en2.0', 'damage': 3, 'attack_range': 5}",[]
b31c1977-6820-430d-b88b-323ed8638d5f,1774141256.5456398,character_attack,0,1,0 but a string,1 but a string,baseline,"{'session_id': '0 but a string', 'attacker_id': 'bomber', 'target_id': 'en1.0', 'damage': 3, 'attack_range': 5}",[]
8da6d7ed-14a9-467e-a920-5699965d2587,1774141256.5501783,character_heal,0,1,0 but a string,1 but a string,baseline,"{'healer_id': 'medic', 'target_id': 'brawler', 'heal_amount': 4, 'healing_range': 3}",[]
3be9d348-d569-41a7-b3da-d1d4786610d9,1774141256.554379,character_heal,0,1,0 but a string,1 but a string,baseline,"{'healer_id': 'medic', 'target_id': 'bomber', 'heal_amount': 4, 'healing_range': 3}",[]
af3462b0-88d8-4661-8320-c6f97d9427b7,1774141257.0800524,turn_end,0,1,0 but a string,1 but a string,baseline,"{'session_id': '0 but a string', 'turn_number': 1, 'active_side': 'player'}",[]
bdb70802-80e3-4ad6-9352-073c6f73c60d,1774141257.0857313,turn_start,0,1,0 but a string,1 but a string,baseline,"{'session_id': '0 but a string', 'turn_number': 1, 'active_side': 'enemy'}",[]
6be9e215-441f-4c13-bc8c-c16bd3f4a65b,1774141257.6850774,enemy_attack,0,1,0 but a string,1 but a string,baseline,"{'session_id': '0 but a string', 'enemy_id': 'en1.0', 'target_id': 'brawler', 'damage': 2}",[]
f6564a4d-95fc-44e9-901e-26e61e6f64b5,1774141257.6907496,enemy_attack,0,1,0 but a string,1 but a string,baseline,"{'session_id': '0 but a string', 'enemy_id': 'en1.0', 'target_id': 'bomber', 'damage': 2}",[]
cc602e21-ee24-4d1a-9fda-68106261b383,1774141258.225386,turn_end,0,1,0 but a string,1 but a string,baseline,"{'session_id': '0 but a string', 'turn_number': 1, 'active_side': 'enemy'}",[]
5c0164d9-0bbf-4ac7-8cdd-ff6e50bc70dd,1774141258.2310333,turn_start,0,1,0 but a string,1 but a string,baseline,"{'session_id': '0 but a string', 'turn_number': 2, 'active_side': 'player'}",[]
37b291e0-9725-4a6d-84f1-3a3df6891299,1774141258.6635711,character_attack,0,1,0 but a string,1 but a string,baseline,"{'session_id': '0 but a string', 'attacker_id': 'bomber', 'target_id': 'en1.0', 'damage': 3, 'attack_range': 5}",[]
18c6924e-c50a-4e88-bbc7-cd3977f684ca,1774141258.6697922,character_heal,0,1,0 but a string,1 but a string,baseline,"{'healer_id': 'medic', 'target_id': 'brawler', 'heal_amount': 4, 'healing_range': 3}",[]
62d57e7c-0fc3-4668-a6bd-8f15fbbfcd95,1774141258.6742215,character_heal,0,1,0 but a string,1 but a string,baseline,"{'healer_id': 'medic', 'target_id': 'bomber', 'heal_amount': 4, 'healing_range': 3}",[]
f6f367fb-29d8-41ef-a451-c7c94379753d,1774141259.1989517,turn_end,0,1,0 but a string,1 but a string,baseline,"{'session_id': '0 but a string', 'turn_number': 2, 'active_side': 'player'}",[]
653f0a89-bccf-467a-8de7-b4a89bf43e0f,1774141259.2049816,turn_start,0,1,0 but a string,1 but a string,baseline,"{'session_id': '0 but a string', 'turn_number': 2, 'active_side': 'enemy'}",[]
c0489e36-f19b-4fb3-803a-742194938b1c,1774141259.2092006,stage_complete,0,1,0 but a string,1 but a string,baseline,"{'session_id': '0 but a string', 'turns_taken': 2, 'characters_alive': 3, 'total_damage_taken': 0}",[]
5485738a-50da-4ca0-9d92-14f94a55542a,1774141259.2155488,stage_start,0,2,0 but a string,1 but a string,baseline,"{'session_id': '0 but a string', 'enemy_count': 3, 'grid_size': '9x11'}",[]
7e478092-756b-40a0-9edf-5df6f8d5680b,1774141260.0372643,character_attack,0,2,0 but a string,1 but a string,baseline,"{'session_id': '0 but a string', 'attacker_id': 'bomber', 'target_id': 'en0.0', 'damage': 3, 'attack_range': 5}",[]
8fad171d-88fc-4a86-9d38-091497ac7233,1774141260.0428274,character_heal,0,2,0 but a string,1 but a string,baseline,"{'healer_id': 'medic', 'target_id': 'brawler', 'heal_amount': 4, 'healing_range': 3}",[]
1c7d5e47-38f1-418d-be76-9069c018952b,1774141260.0473938,character_heal,0,2,0 but a string,1 but a string,baseline,"{'healer_id': 'medic', 'target_id': 'bomber', 'heal_amount': 4, 'healing_range': 3}",[]
d7694f6c-a168-478a-b4b8-fd24490aebc6,1774141260.5716228,turn_end,0,2,0 but a string,1 but a string,baseline,"{'session_id': '0 but a string', 'turn_number': 1, 'active_side': 'player'}",[]
e22c7207-d078-4eed-8646-ef22b62349e9,1774141260.5772128,turn_start,0,2,0 but a string,1 but a string,baseline,"{'session_id': '0 but a string', 'turn_number': 1, 'active_side': 'enemy'}",[]
dc4287bb-2f98-4da8-96bc-1f6be9dd529a,1774141262.518402,enemy_attack,0,2,0 but a string,1 but a string,baseline,"{'session_id': '0 but a string', 'enemy_id': 'en0.0', 'target_id': 'bomber', 'damage': 3}",[]
3d85a48f-cb6a-4198-a6d5-4cb9667fef0b,1774141262.5239298,enemy_attack,0,2,0 but a string,1 but a string,baseline,"{'session_id': '0 but a string', 'enemy_id': 'en1.0', 'target_id': 'brawler', 'damage': 2}",[]
55186641-4b52-4e9e-926c-5509eafa0339,1774141262.5283875,enemy_attack,0,2,0 but a string,1 but a string,baseline,"{'session_id': '0 but a string', 'enemy_id': 'en1.0', 'target_id': 'bomber', 'damage': 2}",[]
99be976a-84bc-4872-9304-8e80c4873f0e,1774141262.532837,enemy_attack,0,2,0 but a string,1 but a string,baseline,"{'session_id': '0 but a string', 'enemy_id': 'en2.0', 'target_id': 'brawler', 'damage': 1}",[]
ddf72085-7987-46ef-9326-40e6af67644e,1774141262.5370939,enemy_attack,0,2,0 but a string,1 but a string,baseline,"{'session_id': '0 but a string', 'enemy_id': 'en2.0', 'target_id': 'bomber', 'damage': 1}",[]
d371d792-96c8-4ad1-8029-6eb18a9a198d,1774141262.5411484,enemy_attack,0,2,0 but a string,1 but a string,baseline,"{'session_id': '0 but a string', 'enemy_id': 'en2.0', 'target_id': 'medic', 'damage': 1}",[]
09255a18-b7a7-4755-abb2-9e9761b583c0,1774141263.0574286,turn_end,0,2,0 but a string,1 but a string,baseline,"{'session_id': '0 but a string', 'turn_number': 1, 'active_side': 'enemy'}",[]
c8dfa97b-a4c2-4733-80a5-916704262c5a,1774141263.0629416,turn_start,0,2,0 but a string,1 but a string,baseline,"{'session_id': '0 but a string', 'turn_number': 2, 'active_side': 'player'}",[]
5af2fb33-27fa-4a74-af18-098090662fff,1774141263.5910661,character_attack,0,2,0 but a string,1 but a string,baseline,"{'session_id': '0 but a string', 'attacker_id': 'brawler', 'target_id': 'en2.0', 'damage': 5, 'attack_range': 1}",[]
7d75947c-c453-47a6-aac8-1d88f8abdb92,1774141263.5967476,character_heal,0,2,0 but a string,1 but a string,baseline,"{'healer_id': 'medic', 'target_id': 'brawler', 'heal_amount': 4, 'healing_range': 3}",[]
f4b269c8-060d-4015-9db0-93868c047c49,1774141263.6012974,character_heal,0,2,0 but a string,1 but a string,baseline,"{'healer_id': 'medic', 'target_id': 'bomber', 'heal_amount': 4, 'healing_range': 3}",[]
ebcda012-b4c2-4537-a9db-bcbfa9219d40,1774141264.1250381,turn_end,0,2,0 but a string,1 but a string,baseline,"{'session_id': '0 but a string', 'turn_number': 2, 'active_side': 'player'}",[]
f254d073-7c84-4d82-967d-b1e9e9f54937,1774141264.1322403,turn_start,0,2,0 but a string,1 but a string,baseline,"{'session_id': '0 but a string', 'turn_number': 2, 'active_side': 'enemy'}",[]
34072638-b1ac-4bc1-95c9-72eb60888172,1774141265.5330539,enemy_attack,0,2,0 but a string,1 but a string,baseline,"{'session_id': '0 but a string', 'enemy_id': 'en0.0', 'target_id': 'brawler', 'damage': 3}",[]
339f4b63-733e-4727-8747-3b6fda53d23c,1774141265.538368,enemy_attack,0,2,0 but a string,1 but a string,baseline,"{'session_id': '0 but a string', 'enemy_id': 'en0.0', 'target_id': 'medic', 'damage': 3}",[]
d5494529-8e82-479c-a9f2-233afafc2459,1774141265.5428486,enemy_attack,0,2,0 but a string,1 but a string,baseline,"{'session_id': '0 but a string', 'enemy_id': 'en1.0', 'target_id': 'brawler', 'damage': 2}",[]
6d8e6951-9d70-4a04-b1f7-becf15fc9477,1774141265.547763,enemy_attack,0,2,0 but a string,1 but a string,baseline,"{'session_id': '0 but a string', 'enemy_id': 'en1.0', 'target_id': 'bomber', 'damage': 2}",[]
710c35c1-0813-4369-bc7e-a4001434b3cc,1774141265.5528722,enemy_attack,0,2,0 but a string,1 but a string,baseline,"{'session_id': '0 but a string', 'enemy_id': 'en1.0', 'target_id': 'medic', 'damage': 2}",[]
5a3931d3-8015-4829-a4f2-07956a092bdb,1774141266.0724845,turn_end,0,2,0 but a string,1 but a string,baseline,"{'session_id': '0 but a string', 'turn_number': 2, 'active_side': 'enemy'}",[]
cd3ed222-41e8-4e40-a41f-3767093b3836,1774141266.0780394,turn_start,0,2,0 but a string,1 but a string,baseline,"{'session_id': '0 but a string', 'turn_number': 3, 'active_side': 'player'}",[]
f2956a98-601f-49d2-8097-93fd8139d339,1774141266.6775637,character_attack,0,2,0 but a string,1 but a string,baseline,"{'session_id': '0 but a string', 'attacker_id': 'brawler', 'target_id': 'en0.0', 'damage': 5, 'attack_range': 1}",[]
f01115c6-7194-4e4d-afd6-1845dbab4837,1774141266.683342,character_attack,0,2,0 but a string,1 but a string,baseline,"{'session_id': '0 but a string', 'attacker_id': 'bomber', 'target_id': 'en0.0', 'damage': 3, 'attack_range': 5}",[]
520e7e74-ccdc-4ffa-a57c-3fb024f79df5,1774141266.6891694,character_attack,0,2,0 but a string,1 but a string,baseline,"{'session_id': '0 but a string', 'attacker_id': 'bomber', 'target_id': 'en1.0', 'damage': 3, 'attack_range': 5}",[]
353b053c-df0f-49c7-8086-443d559ad6c8,1774141267.218914,turn_end,0,2,0 but a string,1 but a string,baseline,"{'session_id': '0 but a string', 'turn_number': 3, 'active_side': 'player'}",[]
e30b67d0-bc46-483f-8edb-f1bf5a9bda82,1774141267.2245288,turn_start,0,2,0 but a string,1 but a string,baseline,"{'session_id': '0 but a string', 'turn_number': 3, 'active_side': 'enemy'}",[]
c2eea9be-e0ca-4a9c-858c-bd944494dfcc,1774141267.285722,enemy_attack,0,2,0 but a string,1 but a string,baseline,"{'session_id': '0 but a string', 'enemy_id': 'en1.0', 'target_id': 'brawler', 'damage': 2}",[]
3569191d-4d0f-49ab-bb62-1f30f0a96a6b,1774141267.291281,enemy_attack,0,2,0 but a string,1 but a string,baseline,"{'session_id': '0 but a string', 'enemy_id': 'en1.0', 'target_id': 'bomber', 'damage': 2}",[]
ae987ad3-7538-43e3-b6a9-11fa7a734620,1774141267.2955015,enemy_attack,0,2,0 but a string,1 but a string,baseline,"{'session_id': '0 but a string', 'enemy_id': 'en1.0', 'target_id': 'medic', 'damage': 2}",[]
3ebce7d1-76ad-4d8e-9281-cbc74cb611bc,1774141267.8245525,turn_end,0,2,0 but a string,1 but a string,baseline,"{'session_id': '0 but a string', 'turn_number': 3, 'active_side': 'enemy'}",[]
4f5663fd-3e35-4894-b6d3-4da51e8dd42d,1774141267.8301973,turn_start,0,2,0 but a string,1 but a string,baseline,"{'session_id': '0 but a string', 'turn_number': 4, 'active_side': 'player'}",[]
16b3d4b2-87f3-4814-8375-7d9b4270ae1b,1774141267.8352184,stage_fail,0,2,0 but a string,1 but a string,baseline,"{'session_id': '0 but a string', 'turns_taken': 4, 'failure_reason': 'all_players_defeated'}",[]
a057a47b-ccac-4b09-ad11-0fdc8cb89ea2,1774141267.8394105,session_end,0,2,0 but a string,1 but a string,baseline,"{'session_id': '0 but a string', 'stages_completed': 2}",[]
94746104-2d29-46c8-8b59-c5ec064eec99,1774141332.1055624,session_start,0,0,0 but a string,1 but a string,baseline,"{'session_id': '0 but a string', 'config_id': 'balanced', 'difficulty_label': 'balanced'}",[]
7e6361e2-5047-41bb-a144-c4a4dc65a77e,1774141332.1109834,level_start,0,0,0 but a string,1 but a string,baseline,"{'session_id': '0 but a string', 'grid_size': '5x6'}",[]
4a46b9eb-5ccf-4535-8cc8-92846b9a961b,1774141332.1173904,stage_start,0,0,0 but a string,1 but a string,baseline,"{'session_id': '0 but a string', 'enemy_count': 1, 'grid_size': '5x6'}",[]
855252a9-38dc-424c-970a-5382f2103b5e,1774141332.1240919,turn_start,0,0,0 but a string,1 but a string,baseline,"{'session_id': '0 but a string', 'turn_number': 1, 'active_side': 'player'}",[]
30b93f63-d2d9-4322-8195-fe209dcdd0d3,1774141332.6689339,character_attack,0,0,0 but a string,1 but a string,baseline,"{'session_id': '0 but a string', 'attacker_id': 'bomber', 'target_id': 'en0.0', 'damage': 3, 'attack_range': 5}",[]
aafc4e3c-72fd-4067-ba65-2a74f79e105f,1774141332.6777134,character_heal,0,0,0 but a string,1 but a string,baseline,"{'healer_id': 'medic', 'target_id': 'brawler', 'heal_amount': 1, 'healing_range': 3}",[]
7760eb6e-8d8f-4fa0-b2e8-345c91c48609,1774141332.6837637,character_heal,0,0,0 but a string,1 but a string,baseline,"{'healer_id': 'medic', 'target_id': 'bomber', 'heal_amount': 1, 'healing_range': 3}",[]
20352836-6360-4e42-98b4-820ce63e20a3,1774141333.23988,turn_end,0,0,0 but a string,1 but a string,baseline,"{'session_id': '0 but a string', 'turn_number': 1, 'active_side': 'player'}",[]
d8383a92-1b69-4ff3-b12d-ff1db1f87a01,1774141333.2454007,turn_start,0,0,0 but a string,1 but a string,baseline,"{'session_id': '0 but a string', 'turn_number': 1, 'active_side': 'enemy'}",[]
f6d6802f-ee68-4fbe-8fc5-ba27469de46f,1774141334.6899164,enemy_attack,0,0,0 but a string,1 but a string,baseline,"{'session_id': '0 but a string', 'enemy_id': 'en0.0', 'target_id': 'brawler', 'damage': 4}",[]
163da1f6-074a-4afe-8a5d-5d4d228c693a,1774141335.2931032,turn_end,0,0,0 but a string,1 but a string,baseline,"{'session_id': '0 but a string', 'turn_number': 1, 'active_side': 'enemy'}",[]
f591305d-8448-4f61-9f86-15474f924d98,1774141335.2988162,turn_start,0,0,0 but a string,1 but a string,baseline,"{'session_id': '0 but a string', 'turn_number': 2, 'active_side': 'player'}",[]
5c60b6c1-2241-4977-867c-62d4075d5f8a,1774141335.5963023,character_attack,0,0,0 but a string,1 but a string,baseline,"{'session_id': '0 but a string', 'attacker_id': 'brawler', 'target_id': 'en0.0', 'damage': 5, 'attack_range': 1}",[]
d6fe43e9-1221-4c31-a0c7-cbe0120010d7,1774141335.6023798,character_attack,0,0,0 but a string,1 but a string,baseline,"{'session_id': '0 but a string', 'attacker_id': 'bomber', 'target_id': 'en0.0', 'damage': 3, 'attack_range': 5}",[]
713b7335-175f-41c7-9022-e68e8f88e6f9,1774141335.6066165,character_heal,0,0,0 but a string,1 but a string,baseline,"{'healer_id': 'medic', 'target_id': 'brawler', 'heal_amount': 1, 'healing_range': 3}",[]
a4a8c741-f74f-4b55-9fd8-bb8e1a097d9c,1774141335.611359,character_heal,0,0,0 but a string,1 but a string,baseline,"{'healer_id': 'medic', 'target_id': 'bomber', 'heal_amount': 1, 'healing_range': 3}",[]
86a1f652-5547-42e4-b7d0-9f6cd82e2f9b,1774141336.1354804,turn_end,0,0,0 but a string,1 but a string,baseline,"{'session_id': '0 but a string', 'turn_number': 2, 'active_side': 'player'}",[]
bca8b59c-6eb0-471e-ae67-40ed61bece44,1774141336.1411684,turn_start,0,0,0 but a string,1 but a string,baseline,"{'session_id': '0 but a string', 'turn_number': 2, 'active_side': 'enemy'}",[]
b25032f9-9566-4612-9bed-0f2c882d8aab,1774141336.1456017,stage_complete,0,0,0 but a string,1 but a string,baseline,"{'session_id': '0 but a string', 'turns_taken': 2, 'characters_alive': 3, 'total_damage_taken': 0}",[]
61810e0c-746b-42a0-9a3f-24a0c80ca65b,1774141336.150718,stage_start,0,1,0 but a string,1 but a string,baseline,"{'session_id': '0 but a string', 'enemy_count': 1, 'grid_size': '5x6'}",[]
98011b27-ed9a-47bf-81eb-442c2256bf25,1774141336.5719104,character_attack,0,1,0 but a string,1 but a string,baseline,"{'session_id': '0 but a string', 'attacker_id': 'bomber', 'target_id': 'en1.0', 'damage': 3, 'attack_range': 5}",[]
0db01f5b-f7b7-408b-9cfa-4cb99dfe8034,1774141336.577972,character_heal,0,1,0 but a string,1 but a string,baseline,"{'healer_id': 'medic', 'target_id': 'brawler', 'heal_amount': 1, 'healing_range': 3}",[]
bdc887ec-26ae-43c5-825c-de2be64f9213,1774141336.584155,character_heal,0,1,0 but a string,1 but a string,baseline,"{'healer_id': 'medic', 'target_id': 'bomber', 'heal_amount': 1, 'healing_range': 3}",[]
03b604cd-ee90-42f5-b339-95737f5133a1,1774141337.1053684,turn_end,0,1,0 but a string,1 but a string,baseline,"{'session_id': '0 but a string', 'turn_number': 1, 'active_side': 'player'}",[]
d93e22d9-7e09-46ec-8b53-113e6b1d486b,1774141337.111889,turn_start,0,1,0 but a string,1 but a string,baseline,"{'session_id': '0 but a string', 'turn_number': 1, 'active_side': 'enemy'}",[]
9d7b0f7d-c3fd-4c80-a2fd-5c06bd369e6b,1774141337.44059,enemy_attack,0,1,0 but a string,1 but a string,baseline,"{'session_id': '0 but a string', 'enemy_id': 'en1.0', 'target_id': 'brawler', 'damage': 2}",[]
d0e42fa1-ce8f-4875-b2cc-e639562f66e5,1774141337.446794,enemy_attack,0,1,0 but a string,1 but a string,baseline,"{'session_id': '0 but a string', 'enemy_id': 'en1.0', 'target_id': 'bomber', 'damage': 2}",[]
12d35a5c-3635-4fd5-82a4-102b982b0d5f,1774141337.452559,enemy_attack,0,1,0 but a string,1 but a string,baseline,"{'session_id': '0 but a string', 'enemy_id': 'en1.0', 'target_id': 'medic', 'damage': 2}",[]
eed26c20-7753-438f-bf17-2f5ebe5f5690,1774141337.9794097,turn_end,0,1,0 but a string,1 but a string,baseline,"{'session_id': '0 but a string', 'turn_number': 1, 'active_side': 'enemy'}",[]
226638ac-6cb6-4580-9418-b3956f612463,1774141337.985398,turn_start,0,1,0 but a string,1 but a string,baseline,"{'session_id': '0 but a string', 'turn_number': 2, 'active_side': 'player'}",[]
8393ecda-dd12-49b2-9c6b-bb7d649ec617,1774141338.1816332,character_attack,0,1,0 but a string,1 but a string,baseline,"{'session_id': '0 but a string', 'attacker_id': 'bomber', 'target_id': 'en1.0', 'damage': 3, 'attack_range': 5}",[]
cd28247a-149a-469a-919b-de8b9d711c0b,1774141338.187204,character_heal,0,1,0 but a string,1 but a string,baseline,"{'healer_id': 'medic', 'target_id': 'brawler', 'heal_amount': 1, 'healing_range': 3}",[]
ad770de1-fdc5-4b44-b6e6-afab576e179e,1774141338.1920924,character_heal,0,1,0 but a string,1 but a string,baseline,"{'healer_id': 'medic', 'target_id': 'bomber', 'heal_amount': 1, 'healing_range': 3}",[]
a71e83ae-f154-4dc3-b7cd-044e16bcaebb,1774141338.7217321,turn_end,0,1,0 but a string,1 but a string,baseline,"{'session_id': '0 but a string', 'turn_number': 2, 'active_side': 'player'}",[]
7ea882d8-8c16-4583-819f-71442df41551,1774141338.7273037,turn_start,0,1,0 but a string,1 but a string,baseline,"{'session_id': '0 but a string', 'turn_number': 2, 'active_side': 'enemy'}",[]
64ac403b-c5c0-499d-bf26-5dcff8bebc9b,1774141338.7316437,stage_complete,0,1,0 but a string,1 but a string,baseline,"{'session_id': '0 but a string', 'turns_taken': 2, 'characters_alive': 3, 'total_damage_taken': 0}",[]
decb0ef0-3d88-40fd-9a6f-7a6e91c31dc1,1774141338.7368815,stage_start,0,2,0 but a string,1 but a string,baseline,"{'session_id': '0 but a string', 'enemy_count': 1, 'grid_size': '5x6'}",[]
ef8dc6d6-a01f-41a1-9ad5-4b2fc8f42508,1774141339.2264404,character_attack,0,2,0 but a string,1 but a string,baseline,"{'session_id': '0 but a string', 'attacker_id': 'bomber', 'target_id': 'en2.0', 'damage': 3, 'attack_range': 5}",[]
4ac207d0-23ea-49b2-954f-0d6aecfe2217,1774141339.23221,character_heal,0,2,0 but a string,1 but a string,baseline,"{'healer_id': 'medic', 'target_id': 'brawler', 'heal_amount': 1, 'healing_range': 3}",[]
71d63682-c611-4386-9978-eb3df65b89a1,1774141339.2363415,character_heal,0,2,0 but a string,1 but a string,baseline,"{'healer_id': 'medic', 'target_id': 'bomber', 'heal_amount': 1, 'healing_range': 3}",[]
97963f32-7a28-46d9-9218-943697ad3812,1774141339.762226,turn_end,0,2,0 but a string,1 but a string,baseline,"{'session_id': '0 but a string', 'turn_number': 1, 'active_side': 'player'}",[]
b3943083-f2b0-4b9d-9795-5f2bc2aca30c,1774141339.7677548,turn_start,0,2,0 but a string,1 but a string,baseline,"{'session_id': '0 but a string', 'turn_number': 1, 'active_side': 'enemy'}",[]
fa6537f0-2a5e-494d-b535-b1916f98c5a7,1774141339.7720776,stage_complete,0,2,0 but a string,1 but a string,baseline,"{'session_id': '0 but a string', 'turns_taken': 1, 'characters_alive': 3, 'total_damage_taken': 0}",[]
3884185a-18c3-4c47-b08a-9876c18fa637,1774141339.7766314,level_complete,0,3,0 but a string,1 but a string,baseline,"{'session_id': '0 but a string', 'characters_alive': 3}",[]
dfcdcee9-b664-4da7-a1fc-b09d4d371215,1774141339.8244717,session_start,0,0,0 but a string,1 but a string,baseline,"{'session_id': '0 but a string', 'config_id': 'balanced', 'difficulty_label': 'balanced'}",[]
808c870f-a8d0-4514-86af-e61a200ff738,1774141339.829525,level_start,0,0,0 but a string,1 but a string,baseline,"{'session_id': '0 but a string', 'grid_size': '9x11'}",[]
4dea29a2-c3ba-48a5-a29e-ae11659709e1,1774141339.833979,stage_start,0,0,0 but a string,1 but a string,baseline,"{'session_id': '0 but a string', 'enemy_count': 2, 'grid_size': '9x11'}",[]
50b12e4f-9bcc-4c84-ab92-9c98ec592685,1774141339.839129,turn_start,0,0,0 but a string,1 but a string,baseline,"{'session_id': '0 but a string', 'turn_number': 1, 'active_side': 'player'}",[]
2c1a1d2b-8876-4dd3-b624-9a83ae2b98e1,1774141340.5539165,character_heal,0,0,0 but a string,1 but a string,baseline,"{'healer_id': 'medic', 'target_id': 'brawler', 'heal_amount': 3, 'healing_range': 3}",[]
861cab15-6fe3-4ebe-b9dd-c57f06bd52ea,1774141341.0922918,turn_end,0,0,0 but a string,1 but a string,baseline,"{'session_id': '0 but a string', 'turn_number': 1, 'active_side': 'player'}",[]
88984fb0-d589-4784-82a5-38694d5163d6,1774141341.0979989,turn_start,0,0,0 but a string,1 but a string,baseline,"{'session_id': '0 but a string', 'turn_number': 1, 'active_side': 'enemy'}",[]
801f4974-a8a8-4ef7-bcbc-a755323daa62,1774141343.0423205,enemy_attack,0,0,0 but a string,1 but a string,baseline,"{'session_id': '0 but a string', 'enemy_id': 'en0.0', 'target_id': 'brawler', 'damage': 3}",[]
0caf5b70-3957-4304-a6d5-534f707b3dde,1774141343.0479696,enemy_attack,0,0,0 but a string,1 but a string,baseline,"{'session_id': '0 but a string', 'enemy_id': 'en2.0', 'target_id': 'brawler', 'damage': 1}",[]
e382053d-26fa-4577-befc-b41aebcb0346,1774141343.0523922,enemy_attack,0,0,0 but a string,1 but a string,baseline,"{'session_id': '0 but a string', 'enemy_id': 'en2.0', 'target_id': 'bomber', 'damage': 1}",[]
c06abbf9-185c-4257-bb83-edd73aa3c10d,1774141343.584228,turn_end,0,0,0 but a string,1 but a string,baseline,"{'session_id': '0 but a string', 'turn_number': 1, 'active_side': 'enemy'}",[]
28014b0d-3b68-4889-9645-90bdc507e4e3,1774141343.5895946,turn_start,0,0,0 but a string,1 but a string,baseline,"{'session_id': '0 but a string', 'turn_number': 2, 'active_side': 'player'}",[]
1b2ca82f-1271-477f-8e76-83aa98f961f7,1774141347.4097245,character_attack,0,0,0 but a string,1 but a string,baseline,"{'session_id': '0 but a string', 'attacker_id': 'brawler', 'target_id': 'en0.0', 'damage': 5, 'attack_range': 1}",[]
7801e37b-ad9f-47bc-9ea3-b4937fb62e94,1774141347.4153485,character_attack,0,0,0 but a string,1 but a string,baseline,"{'session_id': '0 but a string', 'attacker_id': 'bomber', 'target_id': 'en0.0', 'damage': 3, 'attack_range': 5}",[]
e4edcbdc-8791-40d9-a218-a4e97b006863,1774141347.4196148,character_attack,0,0,0 but a string,1 but a string,baseline,"{'session_id': '0 but a string', 'attacker_id': 'bomber', 'target_id': 'en2.0', 'damage': 3, 'attack_range': 5}",[]
e5b7a1a7-ea13-41e9-97f3-d3ab7be3fe8d,1774141347.4240656,character_heal,0,0,0 but a string,1 but a string,baseline,"{'healer_id': 'medic', 'target_id': 'brawler', 'heal_amount': 3, 'healing_range': 3}",[]
30739db5-7aa9-4a7a-8497-fe97698d4620,1774141347.4276083,character_heal,0,0,0 but a string,1 but a string,baseline,"{'healer_id': 'medic', 'target_id': 'bomber', 'heal_amount': 3, 'healing_range': 3}",[]
c23e0c92-6ff8-4b87-aebb-ae5daabdd844,1774141347.949333,turn_end,0,0,0 but a string,1 but a string,baseline,"{'session_id': '0 but a string', 'turn_number': 2, 'active_side': 'player'}",[]
93e5387b-36ee-4c99-99cc-f5e48af34540,1774141347.9550736,turn_start,0,0,0 but a string,1 but a string,baseline,"{'session_id': '0 but a string', 'turn_number': 2, 'active_side': 'enemy'}",[]
5c2d2ebf-bd7b-4449-b111-ffeb2cd21fe1,1774141347.9595942,stage_complete,0,0,0 but a string,1 but a string,baseline,"{'session_id': '0 but a string', 'turns_taken': 2, 'characters_alive': 3, 'total_damage_taken': 0}",[]
a30a1cf0-b815-46c1-8f00-5cd03b3c8f24,1774141347.9656878,stage_start,0,1,0 but a string,1 but a string,baseline,"{'session_id': '0 but a string', 'enemy_count': 2, 'grid_size': '9x11'}",[]
e22a498f-ee54-4d77-8fae-4049b1368f7b,1774141356.2415872,character_attack,0,1,0 but a string,1 but a string,baseline,"{'session_id': '0 but a string', 'attacker_id': 'bomber', 'target_id': 'en2.0', 'damage': 3, 'attack_range': 5}",[]
27675923-a9a5-400a-9c1c-3c0c81038a76,1774141356.2472339,character_attack,0,1,0 but a string,1 but a string,baseline,"{'session_id': '0 but a string', 'attacker_id': 'bomber', 'target_id': 'en1.0', 'damage': 3, 'attack_range': 5}",[]
7fcfca73-f83a-4295-90eb-238e51c04713,1774141356.2517927,character_heal,0,1,0 but a string,1 but a string,baseline,"{'healer_id': 'medic', 'target_id': 'brawler', 'heal_amount': 3, 'healing_range': 3}",[]
bc96d0ce-b450-41e8-ba31-534b065fa478,1774141356.7833664,turn_end,0,1,0 but a string,1 but a string,baseline,"{'session_id': '0 but a string', 'turn_number': 1, 'active_side': 'player'}",[]
5f85e892-fb74-42bc-aed4-0aa6ec8b72f3,1774141356.7887747,turn_start,0,1,0 but a string,1 but a string,baseline,"{'session_id': '0 but a string', 'turn_number': 1, 'active_side': 'enemy'}",[]
49645c83-e542-4e1d-861e-b25cbce59d54,1774141357.3911746,enemy_attack,0,1,0 but a string,1 but a string,baseline,"{'session_id': '0 but a string', 'enemy_id': 'en1.0', 'target_id': 'brawler', 'damage': 2}",[]
7d250786-0459-43a3-acae-a25329b11231,1774141357.396559,enemy_attack,0,1,0 but a string,1 but a string,baseline,"{'session_id': '0 but a string', 'enemy_id': 'en1.0', 'target_id': 'bomber', 'damage': 2}",[]
967d06e2-00cc-46b9-a1c6-b2139e42b9d6,1774141357.9273782,turn_end,0,1,0 but a string,1 but a string,baseline,"{'session_id': '0 but a string', 'turn_number': 1, 'active_side': 'enemy'}",[]
62de0b1b-7669-4776-93ec-38d5ed56ccda,1774141357.9330332,turn_start,0,1,0 but a string,1 but a string,baseline,"{'session_id': '0 but a string', 'turn_number': 2, 'active_side': 'player'}",[]
d4cf85db-7327-4b28-bbf1-b82c5f60d8a1,1774141358.3967652,character_attack,0,1,0 but a string,1 but a string,baseline,"{'session_id': '0 but a string', 'attacker_id': 'bomber', 'target_id': 'en1.0', 'damage': 3, 'attack_range': 5}",[]
c2ca0041-ab5b-4a90-b919-2380dbe557c7,1774141358.4024978,character_heal,0,1,0 but a string,1 but a string,baseline,"{'healer_id': 'medic', 'target_id': 'brawler', 'heal_amount': 3, 'healing_range': 3}",[]
e357bd72-aad1-4b41-b3e9-c3dc426d42bd,1774141358.9385512,turn_end,0,1,0 but a string,1 but a string,baseline,"{'session_id': '0 but a string', 'turn_number': 2, 'active_side': 'player'}",[]
7af3e883-a6d3-4130-82a3-e9654371a179,1774141358.9441652,turn_start,0,1,0 but a string,1 but a string,baseline,"{'session_id': '0 but a string', 'turn_number': 2, 'active_side': 'enemy'}",[]
fec4aa6a-23dc-40b8-8c37-1d2795d65b18,1774141358.9483917,stage_complete,0,1,0 but a string,1 but a string,baseline,"{'session_id': '0 but a string', 'turns_taken': 2, 'characters_alive': 3, 'total_damage_taken': 0}",[]
53578095-e956-49ad-aa16-5a6b5e353f2c,1774141358.9548416,stage_start,0,2,0 but a string,1 but a string,baseline,"{'session_id': '0 but a string', 'enemy_count': 3, 'grid_size': '9x11'}",[]
de50de6b-151d-45d7-b093-af5a0d45bd60,1774141363.439995,character_attack,0,2,0 but a string,1 but a string,baseline,"{'session_id': '0 but a string', 'attacker_id': 'bomber', 'target_id': 'en0.0', 'damage': 3, 'attack_range': 5}",[]
29d3b5cd-8aa7-4846-8243-b1940a108929,1774141363.4453197,character_heal,0,2,0 but a string,1 but a string,baseline,"{'healer_id': 'medic', 'target_id': 'brawler', 'heal_amount': 3, 'healing_range': 3}",[]
a4e3806e-aa52-481a-b314-558acf868df4,1774141363.4498177,character_heal,0,2,0 but a string,1 but a string,baseline,"{'healer_id': 'medic', 'target_id': 'bomber', 'heal_amount': 3, 'healing_range': 3}",[]
f91c0dd5-3570-4571-801f-0f3b37df0e4a,1774141363.979758,turn_end,0,2,0 but a string,1 but a string,baseline,"{'session_id': '0 but a string', 'turn_number': 1, 'active_side': 'player'}",[]
4cecce22-b75c-456a-b12d-c5b0cea35b54,1774141363.9852645,turn_start,0,2,0 but a string,1 but a string,baseline,"{'session_id': '0 but a string', 'turn_number': 1, 'active_side': 'enemy'}",[]
fe116b81-64c5-43df-9aa6-660e481085fa,1774141365.9370053,enemy_attack,0,2,0 but a string,1 but a string,baseline,"{'session_id': '0 but a string', 'enemy_id': 'en0.0', 'target_id': 'bomber', 'damage': 3}",[]
b7f6788f-f12f-48c5-a7ad-63c70c8bac25,1774141365.942679,enemy_attack,0,2,0 but a string,1 but a string,baseline,"{'session_id': '0 but a string', 'enemy_id': 'en1.0', 'target_id': 'brawler', 'damage': 2}",[]
555bc124-9a09-473b-9bc6-be6a6ae16f63,1774141365.9471982,enemy_attack,0,2,0 but a string,1 but a string,baseline,"{'session_id': '0 but a string', 'enemy_id': 'en1.0', 'target_id': 'bomber', 'damage': 2}",[]
a38640bc-d66b-4c5e-8938-4ec773728df4,1774141365.9513538,enemy_attack,0,2,0 but a string,1 but a string,baseline,"{'session_id': '0 but a string', 'enemy_id': 'en2.0', 'target_id': 'brawler', 'damage': 1}",[]
626abdb6-9a49-4642-8b3a-5e8e90e0b53f,1774141365.9554965,enemy_attack,0,2,0 but a string,1 but a string,baseline,"{'session_id': '0 but a string', 'enemy_id': 'en2.0', 'target_id': 'bomber', 'damage': 1}",[]
3e929e12-b247-4fef-ba46-0cc3e44f51c2,1774141365.9597626,enemy_attack,0,2,0 but a string,1 but a string,baseline,"{'session_id': '0 but a string', 'enemy_id': 'en2.0', 'target_id': 'medic', 'damage': 1}",[]
f5d616a0-d8dc-4777-b573-1e1d5d77dc89,1774141366.4764013,turn_end,0,2,0 but a string,1 but a string,baseline,"{'session_id': '0 but a string', 'turn_number': 1, 'active_side': 'enemy'}",[]
e87a88d6-8c54-4c6a-8a7a-4a7dc7755eb5,1774141366.4819818,turn_start,0,2,0 but a string,1 but a string,baseline,"{'session_id': '0 but a string', 'turn_number': 2, 'active_side': 'player'}",[]
0d19b552-588e-4443-b610-9c70e4c098d6,1774141380.3098512,character_heal,0,2,0 but a string,1 but a string,baseline,"{'healer_id': 'medic', 'target_id': 'brawler', 'heal_amount': 3, 'healing_range': 3}",[]
ec818cf6-e35b-48ea-9562-2c14de74883c,1774141380.3151793,character_heal,0,2,0 but a string,1 but a string,baseline,"{'healer_id': 'medic', 'target_id': 'bomber', 'heal_amount': 3, 'healing_range': 3}",[]
71c42510-2ff5-49b5-ac2b-bf606e9656f6,1774141380.846621,turn_end,0,2,0 but a string,1 but a string,baseline,"{'session_id': '0 but a string', 'turn_number': 2, 'active_side': 'player'}",[]
01cdb0d8-f1cb-46c4-859e-06e93d5e798a,1774141380.8521912,turn_start,0,2,0 but a string,1 but a string,baseline,"{'session_id': '0 but a string', 'turn_number': 2, 'active_side': 'enemy'}",[]
566f1540-9c58-49df-9438-7e99b46871eb,1774141381.9926987,enemy_attack,0,2,0 but a string,1 but a string,baseline,"{'session_id': '0 but a string', 'enemy_id': 'en0.0', 'target_id': 'brawler', 'damage': 3}",[]
0e82cd4f-22a6-440b-8f6a-1e3039722132,1774141381.9982224,enemy_attack,0,2,0 but a string,1 but a string,baseline,"{'session_id': '0 but a string', 'enemy_id': 'en0.0', 'target_id': 'bomber', 'damage': 3}",[]
5676e370-3c41-486d-9c17-82f35fefcb07,1774141382.002828,enemy_attack,0,2,0 but a string,1 but a string,baseline,"{'session_id': '0 but a string', 'enemy_id': 'en1.0', 'target_id': 'brawler', 'damage': 2}",[]
f65bdc19-243e-4010-8101-09015815231b,1774141382.0070198,enemy_attack,0,2,0 but a string,1 but a string,baseline,"{'session_id': '0 but a string', 'enemy_id': 'en1.0', 'target_id': 'bomber', 'damage': 2}",[]
227c74d4-b81a-44f4-893c-9fd1c3b87216,1774141382.0110137,enemy_attack,0,2,0 but a string,1 but a string,baseline,"{'session_id': '0 but a string', 'enemy_id': 'en1.0', 'target_id': 'medic', 'damage': 2}",[]
b5f0abe3-881d-43be-b9ca-e8ef633efbc1,1774141382.0150492,enemy_attack,0,2,0 but a string,1 but a string,baseline,"{'session_id': '0 but a string', 'enemy_id': 'en2.0', 'target_id': 'brawler', 'damage': 1}",[]
f87fcab2-6f27-42cc-ae29-d5524ccb719d,1774141382.0193417,enemy_attack,0,2,0 but a string,1 but a string,baseline,"{'session_id': '0 but a string', 'enemy_id': 'en2.0', 'target_id': 'bomber', 'damage': 1}",[]
1e292928-f9ba-4f6e-8669-0bcd7da49a5b,1774141382.0233212,enemy_attack,0,2,0 but a string,1 but a string,baseline,"{'session_id': '0 but a string', 'enemy_id': 'en2.0', 'target_id': 'medic', 'damage': 1}",[]
5d908e09-f9ba-4aef-87f6-49f8fe40788d,1774141382.541331,turn_end,0,2,0 but a string,1 but a string,baseline,"{'session_id': '0 but a string', 'turn_number': 2, 'active_side': 'enemy'}",[]
a5cdd032-ba46-402d-96f4-da98efc9b0dc,1774141382.5469184,turn_start,0,2,0 but a string,1 but a string,baseline,"{'session_id': '0 but a string', 'turn_number': 3, 'active_side': 'player'}",[]
466d1a0f-e4d4-4306-9a17-a2d7df246fa3,1774141383.453119,character_attack,0,2,0 but a string,1 but a string,baseline,"{'session_id': '0 but a string', 'attacker_id': 'brawler', 'target_id': 'en0.0', 'damage': 5, 'attack_range': 1}",[]
d14fb9f8-1f60-41f3-9e70-036a13c54047,1774141383.4588037,character_heal,0,2,0 but a string,1 but a string,baseline,"{'healer_id': 'medic', 'target_id': 'brawler', 'heal_amount': 3, 'healing_range': 3}",[]
453b84a4-582a-4ac4-922c-bc8fe3754ff1,1774141383.463125,character_heal,0,2,0 but a string,1 but a string,baseline,"{'healer_id': 'medic', 'target_id': 'bomber', 'heal_amount': 3, 'healing_range': 3}",[]
a49afee0-95b9-4d5f-a38c-06318527bff7,1774141383.9928727,turn_end,0,2,0 but a string,1 but a string,baseline,"{'session_id': '0 but a string', 'turn_number': 3, 'active_side': 'player'}",[]
2c255324-98ec-486a-8b1e-9fb3eb00476f,1774141383.9983008,turn_start,0,2,0 but a string,1 but a string,baseline,"{'session_id': '0 but a string', 'turn_number': 3, 'active_side': 'enemy'}",[]
9c73efa3-804a-4850-9e1c-925908a60d84,1774141384.059909,enemy_attack,0,2,0 but a string,1 but a string,baseline,"{'session_id': '0 but a string', 'enemy_id': 'en1.0', 'target_id': 'brawler', 'damage': 2}",[]
43282c14-91fb-486a-99a1-c892de2f27f8,1774141384.0656333,enemy_attack,0,2,0 but a string,1 but a string,baseline,"{'session_id': '0 but a string', 'enemy_id': 'en1.0', 'target_id': 'bomber', 'damage': 2}",[]
2f72f388-a327-4129-9886-f039b20863a1,1774141384.0698702,enemy_attack,0,2,0 but a string,1 but a string,baseline,"{'session_id': '0 but a string', 'enemy_id': 'en1.0', 'target_id': 'medic', 'damage': 2}",[]
2649ed8d-fc2c-4ffa-ac94-d707e251124e,1774141384.0739968,enemy_attack,0,2,0 but a string,1 but a string,baseline,"{'session_id': '0 but a string', 'enemy_id': 'en2.0', 'target_id': 'brawler', 'damage': 1}",[]
757becd4-70a3-4428-a393-3bf013eb0346,1774141384.0782433,enemy_attack,0,2,0 but a string,1 but a string,baseline,"{'session_id': '0 but a string', 'enemy_id': 'en2.0', 'target_id': 'bomber', 'damage': 1}",[]
7a857f0e-97bc-4a48-8684-eb0a6f352ec8,1774141384.082551,enemy_attack,0,2,0 but a string,1 but a string,baseline,"{'session_id': '0 but a string', 'enemy_id': 'en2.0', 'target_id': 'medic', 'damage': 1}",[]
dda53bb7-e7bd-4056-85bf-8714fc654e49,1774141384.5986984,turn_end,0,2,0 but a string,1 but a string,baseline,"{'session_id': '0 but a string', 'turn_number': 3, 'active_side': 'enemy'}",[]
d638e8e1-3e7a-4467-80fe-0d2c5b6efb1c,1774141384.605649,turn_start,0,2,0 but a string,1 but a string,baseline,"{'session_id': '0 but a string', 'turn_number': 4, 'active_side': 'player'}",[]
9304148c-2363-407a-a286-985bde27aa57,1774141386.112993,turn_end,0,2,0 but a string,1 but a string,baseline,"{'session_id': '0 but a string', 'turn_number': 4, 'active_side': 'player'}",[]
50ce9aa5-2b77-4051-b68b-4a868a56d890,1774141386.1187968,turn_start,0,2,0 but a string,1 but a string,baseline,"{'session_id': '0 but a string', 'turn_number': 4, 'active_side': 'enemy'}",[]
104afbd5-9fc7-4eb6-bd26-bdc4b22d21ec,1774141386.180305,enemy_attack,0,2,0 but a string,1 but a string,baseline,"{'session_id': '0 but a string', 'enemy_id': 'en1.0', 'target_id': 'brawler', 'damage': 2}",[]
6b8a37a6-f10d-429d-9680-65d2df9d2eff,1774141386.1863885,enemy_attack,0,2,0 but a string,1 but a string,baseline,"{'session_id': '0 but a string', 'enemy_id': 'en1.0', 'target_id': 'bomber', 'damage': 2}",[]
c4f83f08-7427-4523-ab8d-bba41b1829f0,1774141386.1906233,enemy_attack,0,2,0 but a string,1 but a string,baseline,"{'session_id': '0 but a string', 'enemy_id': 'en1.0', 'target_id': 'medic', 'damage': 2}",[]
a4fb6799-e192-4ca4-8243-4d08e7f1c22b,1774141386.1947236,enemy_attack,0,2,0 but a string,1 but a string,baseline,"{'session_id': '0 but a string', 'enemy_id': 'en2.0', 'target_id': 'brawler', 'damage': 1}",[]
0b989bdb-de25-455c-af86-ed9bae33c6a7,1774141386.1991537,enemy_attack,0,2,0 but a string,1 but a string,baseline,"{'session_id': '0 but a string', 'enemy_id': 'en2.0', 'target_id': 'bomber', 'damage': 1}",[]
0e7e335f-fc17-4b70-a480-1e89be30ae63,1774141386.2037401,enemy_attack,0,2,0 but a string,1 but a string,baseline,"{'session_id': '0 but a string', 'enemy_id': 'en2.0', 'target_id': 'medic', 'damage': 1}",[]
a9a90072-14ef-4670-9a59-a098d92900fe,1774141386.7186491,turn_end,0,2,0 but a string,1 but a string,baseline,"{'session_id': '0 but a string', 'turn_number': 4, 'active_side': 'enemy'}",[]
5c967958-d172-4f90-94c6-179ca57e04b3,1774141386.7241774,turn_start,0,2,0 but a string,1 but a string,baseline,"{'session_id': '0 but a string', 'turn_number': 5, 'active_side': 'player'}",[]
3b7150d7-c7a2-4590-8c3b-7eb6eafc7842,1774141386.7287273,stage_fail,0,2,0 but a string,1 but a string,baseline,"{'session_id': '0 but a string', 'turns_taken': 5, 'failure_reason': 'all_players_defeated'}",[]
d27ea38c-1446-44ea-9816-3305a7293d4d,1774141386.7330396,session_end,0,2,0 but a string,1 but a string,baseline,"{'session_id': '0 but a string', 'stages_completed': 2}",[]
